	DROP DATABASE IF EXISTS CENTRAL_HEATING;
	CREATE DATABASE CENTRAL_HEATING;
	USE CENTRAL_HEATING;
	
	
	CREATE TABLE buildings (
		id BIGINT UNSIGNED NOT NULL AUTO_INCREMENT PRIMARY KEY, 
	    postal_code VARCHAR(50),
	    adress VARCHAR(50) COMMENT 'Адрес',
	    number_of_users BIGINT,
	 	comercial_square_meters BIGINT UNSIGNED NOT NULL,
		object_of_cultural_heritage ENUM('yes', 'no'),
		social_area ENUM('yes', 'no'),
		
		INDEX buildings_postal_code_adress_idx(postal_code, adress)
	) COMMENT 'Дома';
	
	
	CREATE TABLE metering_devices (
		id BIGINT UNSIGNED NOT NULL AUTO_INCREMENT PRIMARY KEY,
		brand VARCHAR(20),
	    model VARCHAR(50),
	    owner BIGINT UNSIGNED NOT NULL,
	    installation_date DATE,
		verification_date DATETIME,
	    verification_interval VARCHAR(2)
	)COMMENT 'Приборы учета тепловой энергии';
	
	
	   
	CREATE TABLE service_company (
		id BIGINT UNSIGNED NOT NULL AUTO_INCREMENT PRIMARY KEY,
		name VARCHAR(200),
		CEO_name VARCHAR(200),
		CEO_last_name VARCHAR(200),
	    status ENUM('sighned', 'not sighned'),
		requested_at DATETIME DEFAULT NOW(),
		updated_at DATETIME ON UPDATE CURRENT_TIMESTAMP,
		building_id BIGINT UNSIGNED NOT NULL,
		
		foreign key (building_id) references buildings(id)
	)COMMENT 'Управляющая компания';
	
	ALTER TABLE metering_devices ADD
		FOREIGN KEY (owner) REFERENCES service_company(id)
		ON UPDATE CASCADE 
	    ON DELETE RESTRICT;
	
	
	CREATE TABLE measurements (
		id BIGINT UNSIGNED NOT NULL AUTO_INCREMENT PRIMARY KEY,
		recieved_calories BIGINT,
	    device_id BIGINT UNSIGNED NOT NULL,
	    measured_at DATETIME DEFAULT NOW(),
	    
	    
	    FOREIGN KEY (device_id) REFERENCES metering_devices(id)
	    
	)COMMENT 'Количество полученых гигакалорий';
	
	
	CREATE TABLE prefecture(
		id BIGINT UNSIGNED NOT NULL AUTO_INCREMENT PRIMARY KEY,
		name VARCHAR(150),
		directors_firest_name VARCHAR(150),
		directors_last_name VARCHAR(150),
		INDEX prefecture_name_idx(name)
	)COMMENT 'Органы местного управления';
	
	
	CREATE TABLE district(
		id BIGINT UNSIGNED NOT NULL AUTO_INCREMENT PRIMARY KEY,
		name VARCHAR(150),
		prefecture_id BIGINT UNSIGNED NOT NULL,
		foreign key (prefecture_id) references prefecture(id)
			
	)COMMENT 'Админимтративный округ';
	
	
	
	CREATE TABLE brigade(
		id BIGINT UNSIGNED NOT NULL AUTO_INCREMENT PRIMARY KEY,
		name_of_brigadier VARCHAR(150),
		name_of_engineer VARCHAR(150),
		name_of_worker_1 VARCHAR(150),
		name_of_worker_2 VARCHAR(150),
		name_of_driver VARCHAR(150),
		service_company_id BIGINT UNSIGNED NOT NULL,
		
		foreign key (service_company_id) references service_company(id)	
	)COMMENT 'Бригада';


	
	CREATE TABLE heating_company(
		id BIGINT UNSIGNED NOT NULL AUTO_INCREMENT PRIMARY KEY,
		name VARCHAR(150),
		CEO_name VARCHAR(200),
		CEO_last_name VARCHAR(200),
		given_calories BIGINT
		
	) COMMENT 'Ресурсо-снабжающая компания';
	
	CREATE TABLE heating_point(
		id BIGINT UNSIGNED NOT NULL AUTO_INCREMENT PRIMARY KEY,
		name VARCHAR(150),
		given_calories BIGINT,
		building_id BIGINT UNSIGNED NOT NULL,
		district_id BIGINT UNSIGNED NOT NULL,
		heating_company_id BIGINT UNSIGNED NOT NULL,
		
		foreign key (building_id) references buildings(id),
		foreign key (district_id) references district(id),
		foreign key (heating_company_id) references heating_company(id)
	)COMMENT 'Центральный тепловой пункт';
	
	
	CREATE TABLE consumer(
		id BIGINT UNSIGNED NOT NULL AUTO_INCREMENT PRIMARY KEY,
		name VARCHAR(150),
		last_name VARCHAR(150),
		financial_account BIGINT,
		phone_number BIGINT,
		bill BIGINT,
		building_id BIGINT UNSIGNED NOT NULL,
				
		foreign key (building_id) references buildings(id),
		INDEX consumer_name_last_name_idx(name, last_name)
	) COMMENT 'Потребители';
	
	-- заполнение таблицы buildings

INSERT INTO `buildings` (`id`, `postal_code`, `adress`, `number_of_users`, `comercial_square_meters`, `object_of_cultural_heritage`, `social_area`) VALUES 
('1', '43254-5484', '278 Houston Lane\nGailchester, NC 32635', '518', '907', 'yes', 'yes'),
('2', '51214-8870', '6634 Hintz Run\nTyrelland, IN 10992', '537', '676', 'yes', 'no'),
('3', '80142', '919 Juliana Garden Apt. 067\nNew Ralphchester, LA 2', '533', '116', 'no', 'yes'),
('4', '50707', '79408 Maggie Square Apt. 994\nWest Anabelleshire, I', '1058', '600', 'yes', 'yes'),
('5', '91009-7035', '1688 Alycia Island\nNew Emmettfurt, WA 28924-2317', '743', '735', 'no', 'no'),
('6', '13768', '228 Katheryn Overpass Apt. 621\nNorth Rockyport, DE', '1092', '295', 'yes', 'no'),
('7', '71577-0982', '750 Tyrel Mountain\nO\'Keefehaven, UT 05169', '917', '732', 'yes', 'yes'),
('8', '84842-5240', '7868 Prohaska Dale Suite 229\nOceanemouth, CA 83918', '609', '928', 'no', 'no'),
('9', '77527-3528', '3029 Gracie Isle Apt. 165\nJamisonburgh, MI 27551-4', '1038', '900', 'yes', 'no'),
('10', '72679-7736', '9025 McGlynn Grove\nMadilynview, AR 60671-3404', '697', '878', 'yes', 'yes'),
('11', '30366', '5864 Witting Plains\nStantonside, ID 51503-4697', '1295', '255', 'yes', 'no'),
('12', '80375', '9854 Erika Trail\nNorth Mayfort, MI 83081-8862', '1155', '478', 'yes', 'yes'),
('13', '64328', '73799 Juwan Falls\nOtiliabury, NV 02975', '717', '666', 'no', 'no'),
('14', '96654', '86863 Gail Terrace Apt. 740\nRoderickland, GA 21680', '575', '583', 'no', 'no'),
('15', '93523-9913', '464 Lenora Path\nJorgefurt, TX 61994', '1493', '287', 'no', 'no'),
('16', '30010-4803', '5663 Brooks Groves Apt. 873\nPort Omertown, KS 6374', '1052', '856', 'yes', 'no'),
('17', '53314', '22742 Nelle Flats Suite 584\nNorth Adolphus, UT 635', '1353', '83', 'no', 'yes'),
('18', '97988', '5465 Corkery Lock\nHarmonyside, WY 67491', '651', '996', 'no', 'yes'),
('19', '25202', '7669 Tierra Estates Suite 692\nNew Meagan, WA 75289', '1426', '976', 'no', 'no'),
('20', '50590-2835', '637 Satterfield Circle\nKubstad, DE 66262-8088', '1359', '752', 'no', 'yes'),
('21', '81182', '20492 Kennith Brook Suite 861\nJamaalbury, MT 53821', '1150', '413', 'yes', 'no'),
('22', '47590-5113', '4904 Jany Extensions\nJacklynberg, OR 34873-4148', '1165', '983', 'no', 'yes'),
('23', '21193', '2298 Linwood Knoll Apt. 467\nNew Marianneport, NC 1', '761', '674', 'yes', 'yes'),
('24', '16235', '8507 Rice Glens\nBechtelarfort, NE 40183', '1037', '304', 'no', 'yes'),
('25', '87437', '013 Gerlach Radial Suite 388\nCarlieton, NJ 64019-5', '1201', '931', 'yes', 'yes'),
('26', '44984', '554 Lesley Brook Apt. 268\nEast Johnfort, VA 98383', '930', '89', 'yes', 'yes'),
('27', '99698', '9718 Mayer Pike\nJohathanhaven, AZ 75471-6730', '1098', '186', 'yes', 'no'),
('28', '07260-4734', '0459 Emely Drive\nNew Josianneton, GA 85695-9721', '898', '754', 'yes', 'yes'),
('29', '23583-1219', '85925 Kasandra Estates Suite 920\nLake Lea, VA 0239', '1184', '286', 'yes', 'no'),
('30', '31612', '54018 Kamren Spur\nHaleyborough, ME 66019-6770', '894', '626', 'yes', 'yes'),
('31', '70850-4088', '194 Ryann Inlet Apt. 219\nWillmouth, CA 40614', '1358', '567', 'yes', 'no'),
('32', '70232', '8242 Torrance Vista Suite 587\nVeumland, KS 57518', '1167', '252', 'yes', 'no'),
('33', '12386-7941', '5136 Tyree Road Apt. 501\nSouth Brianamouth, SD 907', '1261', '807', 'no', 'no'),
('34', '19768-8972', '3352 Keebler Turnpike Apt. 770\nNorth Jazmynshire, ', '835', '508', 'yes', 'no'),
('35', '54237', '55267 Kathryne Ramp Suite 688\nNorth Bradborough, A', '1492', '88', 'yes', 'no'),
('36', '05380-5628', '32936 Hodkiewicz Club Apt. 612\nAishahaven, OR 6198', '567', '65', 'yes', 'no'),
('37', '41314-1194', '3598 Muller Loaf Suite 333\nKlockoport, MI 52564-80', '1260', '959', 'no', 'yes'),
('38', '38729-2037', '0431 Easter Crest\nNorth Yesseniachester, GA 30721-', '1064', '432', 'no', 'yes'),
('39', '91280', '8195 Streich Center Apt. 934\nTownefurt, OH 66805-2', '1290', '656', 'no', 'yes'),
('40', '66785', '605 Stracke Place Suite 773\nStrackechester, WV 669', '660', '828', 'no', 'no'),
('41', '97088-2872', '9773 Adriana Trace Apt. 264\nBernardport, VA 29431', '526', '519', 'no', 'no'),
('42', '45476', '704 Sawayn Ferry\nHerzogport, CO 20124', '661', '443', 'no', 'yes'),
('43', '46235', '3382 Chadrick Stream\nSchinnerland, FL 12806-9327', '816', '158', 'no', 'yes'),
('44', '87342-8800', '09963 Marlen Forest Apt. 407\nWest Korbinland, IN 8', '779', '848', 'yes', 'no'),
('45', '36971', '4684 Joelle Fall Suite 213\nJasenton, WI 27732-8849', '543', '247', 'yes', 'no'),
('46', '79983-0832', '87746 Darrel Vista Apt. 178\nNorth Rashadton, MO 92', '669', '505', 'yes', 'no'),
('47', '07069', '2461 Tiana Parkway\nNew Zander, ME 56202-4994', '1340', '636', 'no', 'no'),
('48', '08933', '42467 Bahringer Neck\nSchultzville, KS 34796-0715', '643', '146', 'yes', 'yes'),
('49', '71848', '032 Bonnie Fords\nEmmerichmouth, SD 37341-4863', '1193', '539', 'no', 'yes'),
('50', '22713', '84336 Isaiah Fords\nJohnstontown, NM 34653-9096', '1207', '397', 'no', 'yes'),
('51', '54894-1457', '540 Casper Light\nPort Danberg, DC 93938', '578', '194', 'no', 'yes'),
('52', '84762-1226', '189 Augusta Centers Suite 355\nNorth Bettie, PA 272', '602', '514', 'yes', 'no'),
('53', '89876-1950', '083 Flatley Course\nMilfordbury, DC 74970-1375', '1360', '753', 'no', 'yes'),
('54', '53036', '457 Weissnat Unions\nPort Lorenzomouth, DE 09830-33', '1084', '449', 'no', 'yes'),
('55', '74130', '4055 Alexie Prairie\nWest Noebury, TN 98191', '506', '762', 'no', 'no'),
('56', '83710-3233', '32855 Cassidy Mission Suite 806\nSouth Rossmouth, L', '1205', '341', 'yes', 'yes'),
('57', '33417-7897', '3273 Meagan Hollow Apt. 554\nDonaldtown, MS 56973', '1104', '934', 'no', 'yes'),
('58', '24728', '51405 Lenny Crescent Suite 187\nTillmanport, AR 525', '1435', '190', 'no', 'yes'),
('59', '12611-4849', '886 Lynn Plains Suite 039\nSchimmelchester, WA 2921', '1408', '640', 'yes', 'yes'),
('60', '41096', '2863 Lilian Avenue\nOberbrunnerside, HI 86141', '1250', '907', 'no', 'no'),
('61', '21808-5093', '1110 Sanford Valley Suite 969\nNew Rudolph, UT 2963', '586', '243', 'no', 'no'),
('62', '76256-8606', '7167 Nicolas Gardens\nEast Ryleigh, HI 29807-9694', '1090', '891', 'no', 'no'),
('63', '87397-1947', '0145 Jacobs Vista Apt. 403\nWizachester, VA 30764-9', '1119', '466', 'yes', 'no'),
('64', '63889', '6796 McCullough Ridges Apt. 667\nWilfredtown, DC 27', '1033', '727', 'no', 'yes'),
('65', '55603-7074', '60516 Fisher Estate Suite 569\nNorth Gia, CO 06076-', '668', '81', 'yes', 'yes'),
('66', '36352', '1245 Maxie Islands Apt. 020\nAddisonport, NE 03302', '612', '566', 'yes', 'yes'),
('67', '29120-0273', '8934 Ratke Freeway\nHuelsborough, MI 04645-4519', '803', '768', 'yes', 'no'),
('68', '70190', '65310 Nikita Pines Apt. 398\nKuhlmanburgh, MD 86393', '546', '180', 'no', 'yes'),
('69', '09894', '8064 Ricardo Mount Apt. 710\nCorwinport, KY 97722', '1435', '98', 'yes', 'yes'),
('70', '86904-0430', '90959 Alberto Canyon Suite 384\nHillsburgh, NJ 2927', '1096', '838', 'yes', 'no'),
('71', '14276', '342 Batz Dale\nRethahaven, ME 53354-5616', '828', '410', 'no', 'yes'),
('72', '82058-6013', '2712 Millie Cliffs\nSchultzfurt, NE 12676', '598', '470', 'yes', 'no'),
('73', '01418-2083', '48710 Eloise Turnpike Suite 590\nNew Sarinaberg, IL', '593', '565', 'no', 'yes'),
('74', '97750-1535', '1465 Kassulke Key\nJacquelynhaven, ME 21552-5874', '924', '63', 'yes', 'yes'),
('75', '03863-1581', '329 Sienna Loop\nNew Maximo, AZ 66651', '1044', '585', 'no', 'yes'),
('76', '03380', '804 Norwood Fort Suite 733\nLake Patsystad, TN 1065', '1102', '445', 'no', 'yes'),
('77', '14345-1072', '671 Josefa Islands\nNorth Davonte, OR 08017', '753', '422', 'yes', 'no'),
('78', '89981', '72258 Caterina Lake\nLake Alexanne, NH 00382-4146', '563', '561', 'yes', 'yes'),
('79', '31952-2621', '831 Cormier Key\nEbbaland, LA 61679-4464', '523', '115', 'yes', 'no'),
('80', '20456', '677 Leo Hill Apt. 385\nHarberport, HI 11480-2430', '1071', '360', 'yes', 'no'),
('81', '72912-2835', '5569 Ziemann Green Apt. 540\nEast Denis, KY 17788-2', '851', '622', 'no', 'no'),
('82', '92053-7102', '5194 Clint Vista\nWest Kanemouth, NC 90843-7420', '706', '183', 'yes', 'yes'),
('83', '33369', '934 Sawayn Springs Suite 375\nSouth Eastontown, IN ', '1229', '754', 'yes', 'no'),
('84', '00828-0592', '26285 Christiana Place Suite 447\nNorth Alberto, OH', '1087', '591', 'no', 'yes'),
('85', '90949-8188', '343 Wisozk Ramp Suite 047\nPort Asa, KS 91733-5788', '1149', '583', 'no', 'no'),
('86', '49548', '616 Ethan Flat\nPort Aliyahville, TN 50626', '801', '415', 'yes', 'no'),
('87', '42548', '63303 Dach Expressway\nNorth Bert, KY 13403', '632', '172', 'yes', 'no'),
('88', '01299-0617', '86897 Kari Mountain Apt. 733\nNorth Brianneburgh, O', '561', '785', 'yes', 'yes'),
('89', '58633', '804 Abby View Apt. 431\nPort Mateo, CA 28837-2630', '1317', '81', 'yes', 'no'),
('90', '47649-1177', '0984 Jarrett Springs\nMerlmouth, CA 65672', '920', '888', 'yes', 'no'),
('91', '04498', '745 Kulas Drive\nSouth Kaylin, IL 13450-5921', '943', '272', 'yes', 'yes'),
('92', '88347-8026', '6639 Sanford Garden Suite 784\nCarrollmouth, NJ 415', '971', '922', 'no', 'no'),
('93', '13316-6912', '84755 Lilly Glen\nEast Juanita, KS 09538', '956', '885', 'yes', 'yes'),
('94', '14680-0180', '686 Jenkins Freeway Suite 441\nNorth Deannaside, KS', '832', '986', 'yes', 'yes'),
('95', '32809', '989 Leffler Springs\nWest Myrtis, ND 56092', '1474', '301', 'no', 'no'),
('96', '38511', '554 Herman View\nJasenton, IN 82417', '1051', '770', 'yes', 'yes'),
('97', '26121-5811', '87467 Ashlee Crescent\nNorth Meredith, NH 55298-289', '1332', '629', 'no', 'yes'),
('98', '41068', '163 Ferne Port\nNorth Jerroldfurt, MN 76137', '1005', '670', 'no', 'yes'),
('99', '88700', '497 Auer Throughway Suite 426\nCreolachester, AL 62', '732', '863', 'yes', 'no'),
('100', '63152-3878', '47194 Shanna Mount Apt. 397\nTurcottebury, NY 00302', '521', '490', 'yes', 'yes');
 -- заполнение таблицы service_company


INSERT INTO `service_company` (`id`, `name`, `CEO_name`, `CEO_last_name`, `status`, `requested_at`, `updated_at`, `building_id`) VALUES ('1', 'inventore', 'Raymundo', 'Kautzer', 'sighned', '2020-05-06 05:41:53', '2015-07-15 20:13:26', '1'),
('2', 'soluta', 'Shaun', 'Gorczany', 'not sighned', '2013-04-10 08:33:57', '2007-02-01 03:45:22', '2'),
('3', 'qui', 'Cathy', 'Marquardt', 'sighned', '1973-08-13 06:42:54', '1978-05-22 15:11:26', '3'),
('4', 'amet', 'Verner', 'Ortiz', 'not sighned', '1970-06-16 05:35:14', '2009-03-22 14:23:22', '4'),
('5', 'et', 'Taya', 'Pouros', 'not sighned', '1987-10-26 00:02:17', '1974-04-02 18:46:24', '5'),
('6', 'et', 'Madisen', 'Mitchell', 'not sighned', '1975-10-16 06:26:52', '1997-04-17 20:39:47', '6'),
('7', 'libero', 'Crystal', 'Schneider', 'not sighned', '1998-02-14 23:34:25', '1989-08-25 16:11:52', '7'),
('8', 'dolore', 'Khalid', 'Lehner', 'sighned', '2021-10-10 12:23:45', '1994-07-02 01:46:05', '8'),
('9', 'asperiores', 'Prince', 'Frami', 'not sighned', '2020-10-24 07:08:10', '2001-10-03 20:34:42', '9'),
('10', 'est', 'Janie', 'Aufderhar', 'sighned', '2015-01-09 04:35:44', '1972-07-24 15:17:50', '10'),
('11', 'aut', 'Marques', 'Osinski', 'not sighned', '1989-04-02 12:20:33', '1999-02-06 06:14:01', '11'),
('12', 'iusto', 'Bernadine', 'Kshlerin', 'not sighned', '1996-03-04 16:18:07', '2012-05-23 06:25:55', '12'),
('13', 'et', 'Patricia', 'Walker', 'not sighned', '1982-04-18 02:02:45', '1987-03-21 00:55:51', '13'),
('14', 'minima', 'Marlin', 'Klein', 'not sighned', '2001-05-21 15:15:58', '1970-06-29 19:20:48', '14'), ('15', 'asperiores', 'Desiree', 'Sawayn', 'sighned', '2013-06-17 17:16:08', '1991-07-01 09:13:25', '15'), ('16', 'perferendis', 'Dedrick', 'Abbott', 'not sighned', '1975-05-28 19:59:06', '1989-05-10 08:57:08', '16'),
('17', 'est', 'Destini', 'Kuvalis', 'not sighned', '2019-02-04 22:30:39', '1984-05-20 19:51:50', '17'),
('18', 'maiores', 'Yesenia', 'Botsford', 'not sighned', '2017-08-04 21:33:44', '2002-12-08 06:55:42', '18'),
('19', 'autem', 'Estelle', 'Schamberger', 'not sighned', '1973-10-13 12:08:11', '2020-08-09 00:54:41', '19'),
('20', 'sunt', 'Gaston', 'Aufderhar', 'not sighned', '2018-01-02 11:17:45', '2012-09-18 22:50:09', '20'),
('21', 'ut', 'Alivia', 'Ledner', 'sighned', '2021-12-09 14:10:37', '1975-10-16 07:40:46', '21'),
('22', 'iste', 'Furman', 'Paucek', 'not sighned', '2009-02-20 08:55:17', '1987-02-13 18:31:34', '22'),
('23', 'est', 'Yasmeen', 'Barrows', 'sighned', '1986-09-12 04:57:53', '1982-01-25 15:03:35', '23'),
('24', 'ut', 'Eusebio', 'Schaden', 'sighned', '1979-07-08 18:41:17', '2011-03-08 21:10:56', '24'),
('25', 'rerum', 'Leo', 'Becker', 'sighned', '1984-06-15 18:42:10', '2011-08-29 01:43:38', '25'),
('26', 'minima', 'Yasmeen', 'Mann', 'not sighned', '2004-05-21 08:47:44', '1975-07-23 15:44:53', '26'),
('27', 'unde', 'Johnathan', 'D\'Amore', 'not sighned', '1972-09-03 09:47:02', '2006-10-16 10:16:35', '27'),
('28', 'dolore', 'Daphney', 'Harvey', 'not sighned', '2006-12-06 21:33:59', '1970-07-26 19:51:37', '28'),
('29', 'quibusdam', 'Jaime', 'Gutmann', 'sighned', '1987-12-26 05:13:58', '1971-06-29 22:56:28', '29'),
('30', 'consequuntur', 'Quinn', 'Turner', 'sighned', '2004-12-24 07:18:15', '1993-02-08 10:06:59', '30'),
('31', 'aut', 'Reggie', 'Gerhold', 'sighned', '1998-02-06 22:31:10', '1993-02-01 00:18:05', '31'),
('32', 'in', 'Rollin', 'Reynolds', 'sighned', '2015-03-20 10:09:18', '1970-03-06 09:37:07', '32'),
('33', 'rerum', 'Mario', 'Funk', 'not sighned', '1989-08-29 15:59:08', '2012-05-22 15:06:59', '33'),
('34', 'eveniet', 'Imogene', 'Barrows', 'not sighned', '2018-12-13 22:35:25', '1988-12-08 13:27:55', '34'),
('35', 'unde', 'Cade', 'Hane', 'not sighned', '2010-08-13 06:41:08', '2008-01-21 09:36:36', '35'),
('36', 'corrupti', 'Yazmin', 'Parker', 'sighned', '2015-12-09 04:01:00', '2012-10-29 18:47:58', '36'),
('37', 'vel', 'Misty', 'Fahey', 'not sighned', '2020-01-16 00:42:24', '2009-06-18 02:35:54', '37'),
('38', 'at', 'Gayle', 'Howell', 'not sighned', '2010-07-02 06:46:31', '1982-07-16 21:11:22', '38'),
('39', 'ab', 'Zaria', 'Hahn', 'not sighned', '2004-09-04 13:17:08', '2012-04-21 19:40:57', '39'),
('40', 'sint', 'Cristal', 'King', 'sighned', '2015-01-05 19:11:47', '1981-07-21 18:22:45', '40'),
('41', 'ipsa', 'Arno', 'Becker', 'not sighned', '1973-09-22 17:22:36', '2013-01-25 11:04:37', '41'),
('42', 'quos', 'Donavon', 'Medhurst', 'sighned', '2003-01-30 02:07:57', '1975-01-29 20:04:49', '42'),
('43', 'voluptatum', 'Jorge', 'Halvorson', 'not sighned', '1981-11-26 19:00:47', '1981-07-14 01:18:12', '43'),
('44', 'ea', 'Haylie', 'Fritsch', 'not sighned', '1999-09-06 11:33:19', '1997-11-13 08:56:35', '44'),
('45', 'iure', 'Matilda', 'Vandervort', 'not sighned', '1974-07-29 15:55:06', '2015-07-07 21:34:07', '45'),
('46', 'id', 'Ryley', 'Kihn', 'sighned', '1983-05-04 20:21:48', '2000-10-07 13:32:33', '46'),
('47', 'similique', 'Ardith', 'Jenkins', 'not sighned', '2001-08-24 00:57:15', '1993-08-11 08:52:05', '47'),
('48', 'ut', 'Yessenia', 'Borer', 'sighned', '2017-08-12 04:52:47', '2008-04-19 19:41:47', '48'),
('49', 'eum', 'Serena', 'Will', 'not sighned', '1994-10-18 13:58:41', '1984-05-25 09:12:09', '49'),
('50', 'id', 'Brandi', 'Bartoletti', 'sighned', '1984-06-17 18:05:15', '1970-10-30 03:18:21', '50'),
('51', 'optio', 'Krystel', 'Hegmann', 'sighned', '2013-02-11 09:36:23', '2000-06-18 20:51:27', '51'),
('52', 'neque', 'Hannah', 'Spinka', 'sighned', '1990-02-26 19:50:56', '2016-09-30 09:38:09', '52'),
('53', 'aut', 'Mayra', 'Huel', 'sighned', '1999-04-23 09:59:18', '1978-12-06 16:52:59', '53'),
('54', 'omnis', 'Lilian', 'Wuckert', 'sighned', '2011-08-08 18:22:14', '1999-11-01 03:07:17', '54'),
('55', 'sunt', 'Pauline', 'Jacobson', 'sighned', '2006-10-07 03:39:24', '2004-09-20 17:47:31', '55'),
('56', 'eos', 'Cassie', 'Cruickshank', 'sighned', '1983-08-10 22:07:17', '1992-01-31 19:02:32', '56'),
('57', 'aut', 'Alexandria', 'Reinger', 'sighned', '2011-03-17 13:31:02', '1997-11-14 14:35:13', '57'),
('58', 'facere', 'Gertrude', 'Willms', 'sighned', '1979-06-07 04:57:08', '2019-06-24 03:02:11', '58'),
('59', 'eos', 'Christian', 'Streich', 'sighned', '1971-05-26 04:48:05', '1999-01-23 00:59:30', '59'),
('60', 'totam', 'Eldon', 'Barrows', 'sighned', '1993-06-29 02:37:17', '1982-04-12 11:45:32', '60'),
('61', 'perspiciatis', 'Alisa', 'Stokes', 'not sighned', '1980-12-10 11:33:13', '1976-08-28 02:53:02', '61'),
('62', 'molestiae', 'Marian', 'Schoen', 'not sighned', '1995-12-26 16:44:58', '2010-03-09 09:13:45', '62'),
('63', 'reprehenderit', 'Kevon', 'Armstrong', 'not sighned', '2007-07-12 23:34:05', '2020-02-20 22:18:10', '63'),
('64', 'ut', 'Ebony', 'Green', 'not sighned', '2014-10-12 23:48:53', '1986-12-20 17:58:46', '64'),
('65', 'ut', 'Malvina', 'Kozey', 'sighned', '1995-01-17 10:08:53', '1993-07-30 00:54:48', '65'),
('66', 'harum', 'Ron', 'Roberts', 'not sighned', '1981-01-06 20:27:43', '1989-06-02 17:09:19', '66'),
('67', 'ut', 'Damien', 'Collins', 'not sighned', '1974-06-10 17:49:54', '2008-11-21 06:52:34', '67'),
('68', 'voluptatem', 'Judge', 'Dickens', 'sighned', '2020-02-17 02:25:30', '1989-10-12 05:55:05', '68'),
('69', 'nam', 'Dexter', 'Boehm', 'not sighned', '1997-12-20 02:49:30', '1981-08-22 14:47:32', '69'),
('70', 'dicta', 'Mireya', 'Little', 'not sighned', '2016-11-05 06:47:24', '1988-08-01 03:04:18', '70'),
('71', 'sint', 'Timmy', 'Vandervort', 'not sighned', '1998-04-14 14:38:53', '1992-01-20 15:35:09', '71'),
('72', 'et', 'Jackeline', 'Kuhic', 'sighned', '2021-02-24 18:20:39', '2011-03-09 06:51:26', '72'),
('73', 'totam', 'Loma', 'Bartell', 'sighned', '2019-09-22 05:49:30', '1989-01-28 19:45:09', '73'),
('74', 'totam', 'Frank', 'Rath', 'not sighned', '1980-10-30 11:18:42', '2001-12-08 07:32:55', '74'),
('75', 'tempore', 'Maximillia', 'Gaylord', 'sighned', '2015-01-31 21:42:57', '1994-06-27 18:00:40', '75'),
('76', 'expedita', 'Tressie', 'Rowe', 'sighned', '2008-01-12 18:15:57', '1978-10-18 20:52:29', '76'),
('77', 'laboriosam', 'Coralie', 'Cormier', 'sighned', '2015-05-30 07:40:07', '1984-06-29 04:00:05', '77'),
('78', 'optio', 'Ceasar', 'Bernier', 'not sighned', '1971-02-09 11:24:26', '1995-08-21 20:25:13', '78'),
('79', 'asperiores', 'Karen', 'Douglas', 'sighned', '1992-05-10 06:10:17', '2015-09-26 07:25:35', '79'),
('80', 'aliquam', 'Aubree', 'Weissnat', 'not sighned', '1986-01-16 22:24:31', '1998-04-12 11:21:55', '80'),
('81', 'ullam', 'Baylee', 'Bailey', 'not sighned', '2001-09-15 09:12:39', '1988-02-08 15:04:07', '81'),
('82', 'at', 'Missouri', 'Ullrich', 'sighned', '1983-02-09 03:29:07', '2020-11-15 02:14:32', '82'),
('83', 'voluptatibus', 'Velva', 'Berge', 'sighned', '1971-04-14 19:43:59', '1994-08-09 21:45:33', '83'),
('84', 'est', 'Reynold', 'Christiansen', 'not sighned', '1987-03-09 09:46:36', '1981-09-22 16:23:36', '84'),
('85', 'nobis', 'Weston', 'Conroy', 'sighned', '1993-02-10 21:11:49', '1986-05-17 12:40:25', '85'),
('86', 'quidem', 'Daniella', 'Beier', 'sighned', '1985-10-09 17:55:08', '2013-08-25 01:35:54', '86'),
('87', 'nemo', 'Travis', 'O\'Connell', 'sighned', '2001-01-13 18:22:01', '2015-01-19 10:01:09', '87'),
('88', 'maiores', 'Sebastian', 'Crooks', 'not sighned', '2006-07-31 20:31:02', '1984-09-08 20:01:42', '88'),
('89', 'earum', 'Geovanny', 'Ledner', 'sighned', '2010-09-19 16:59:20', '2000-04-09 12:48:52', '89'),
('90', 'non', 'Shayna', 'Jacobi', 'not sighned', '1986-06-02 20:23:49', '2016-03-07 20:08:20', '90'),
('91', 'tenetur', 'Tremayne', 'Rutherford', 'not sighned', '1999-01-21 05:10:19', '2022-01-26 22:39:10', '91'),
('92', 'culpa', 'Gertrude', 'Schmeler', 'not sighned', '2013-02-03 17:19:12', '2001-06-30 10:51:54', '92'),
('93', 'delectus', 'Dejon', 'Effertz', 'sighned', '2014-12-29 22:50:23', '2004-09-22 22:58:27', '93'),
('94', 'corporis', 'General', 'Heaney', 'not sighned', '1992-11-13 13:14:40', '1998-12-07 22:53:11', '94'),
('95', 'laboriosam', 'Orion', 'Mohr', 'not sighned', '1991-03-17 19:55:05', '1996-08-01 09:28:02', '95'),
('96', 'alias', 'Tracy', 'Mraz', 'not sighned', '2009-08-29 10:14:59', '1983-07-31 03:47:19', '96'),
('97', 'deserunt', 'Braxton', 'Yost', 'not sighned', '1980-09-22 23:17:27', '2013-09-08 01:00:35', '97'),
('98', 'enim', 'Justice', 'Johns', 'sighned', '1974-04-15 04:17:15', '2019-05-12 04:41:55', '98'),
('99', 'qui', 'Shawna', 'Kunze', 'not sighned', '2001-11-21 13:01:22', '2011-03-22 20:00:28', '99'),
('100', 'sapiente', 'Trinity', 'O\'Conner', 'not sighned', '2008-03-14 03:38:49', '1978-02-23 22:13:17', '100');




-- заполнение таблицы metering_devices


INSERT INTO `metering_devices` (`id`, `brand`, `model`, `owner`, `installation_date`, `verification_date`, `verification_interval`) VALUES 
('1', 'Metrolog', '80', '1', '2005-08-22', '1974-02-23 14:21:20', '9'),
('2', 'TBM', '150', '2', '2017-08-30', '1988-08-03 02:01:59', '12'),
('3', 'TBM', '50', '3', '2003-01-18', '2019-09-12 06:13:08', '12'),
('4', 'Tepovior', '150', '4', '1999-01-16', '1994-06-07 13:55:37', '12'),
('5', 'Vzlyot', '65', '5', '1987-06-09', '2015-04-01 15:40:40', '6'),
('6', 'Metrolog', '65', '6', '1980-11-14', '2000-09-28 08:26:46', '9'),
('7', 'Vzlyot', '80', '7', '1977-08-19', '1986-02-09 10:51:13', '12'),
('8', 'Metrolog', '50', '8', '1994-01-25', '2018-08-30 09:00:23', '6'),
('9', 'Metrolog', '80', '9', '1995-06-20', '2007-08-03 06:25:47', '12'),
('10', 'Vzlyot', '50', '10', '1980-06-14', '2007-10-22 11:31:02', '9'),
('11', 'Vzlyot', '80', '11', '2008-10-18', '1976-03-15 04:04:45', '9'),
('12', 'Metrolog', '150', '12', '1979-12-16', '1987-04-17 06:52:18', '6'),
('13', 'Tepovior', '65', '13', '1994-02-17', '1979-03-08 06:53:54', '6'),
('14', 'TBM', '65', '14', '1990-03-13', '1986-02-15 04:04:05', '6'),
('15', 'Tepovior', '25', '15', '1987-05-20', '1971-05-23 12:49:15', '9'),
('16', 'Metrolog', '150', '16', '2011-06-12', '1999-11-25 17:00:12', '9'),
('17', 'Vzlyot', '80', '17', '2010-06-08', '2015-08-04 11:44:46', '12'),
('18', 'Vzlyot', '100', '18', '1997-02-11', '2017-08-02 21:01:56', '6'),
('19', 'Metrolog', '80', '19', '1989-02-07', '1996-07-22 09:20:10', '6'),
('20', 'TBM', '65', '20', '1979-02-16', '1996-04-14 05:40:21', '12'),
('21', 'TBM', '100', '21', '2019-01-22', '2001-01-19 14:33:26', '9'),
('22', 'Vzlyot', '25', '22', '1988-11-27', '1973-06-03 20:54:01', '6'),
('23', 'TBM', '80', '23', '1981-11-11', '2009-09-19 18:44:52', '6'),
('24', 'Metrolog', '150', '24', '1982-05-31', '1974-05-07 23:21:56', '6'),
('25', 'Vzlyot', '100', '25', '1983-03-10', '1985-12-11 21:10:55', '9'),
('26', 'Vzlyot', '80', '26', '1972-01-31', '2019-09-10 08:16:46', '9'),
('27', 'TBM', '50', '27', '1975-08-13', '1976-06-15 09:23:13', '12'),
('28', 'TBM', '65', '28', '1974-11-14', '1984-09-23 06:58:18', '6'),
('29', 'Metrolog', '25', '29', '2018-10-19', '1992-03-05 04:06:23', '12'),
('30', 'Tepovior', '50', '30', '1970-01-16', '1980-11-24 04:43:48', '6'),
('31', 'TBM', '100', '31', '2002-01-28', '2016-12-17 23:42:30', '12'),
('32', 'Vzlyot', '80', '32', '1970-09-30', '1984-07-11 09:35:00', '9'),
('33', 'Vzlyot', '100', '33', '2006-04-01', '1974-11-08 20:27:22', '9'),
('34', 'Vzlyot', '50', '34', '1980-02-28', '1978-06-01 21:24:51', '9'),
('35', 'Metrolog', '100', '35', '2002-03-29', '2020-08-13 13:08:41', '9'),
('36', 'Tepovior', '100', '36', '1985-01-24', '2019-02-04 02:43:39', '6'),
('37', 'TBM', '50', '37', '2020-03-17', '1981-01-11 19:31:03', '6'),
('38', 'Vzlyot', '65', '38', '2007-09-28', '2010-04-17 00:32:42', '12'),
('39', 'Tepovior', '50', '39', '2017-05-09', '2011-05-01 13:02:31', '9'),
('40', 'Metrolog', '65', '40', '1970-07-29', '1979-01-27 15:43:38', '9'),
('41', 'TBM', '100', '41', '2009-01-05', '1985-07-09 04:24:47', '9'),
('42', 'Tepovior', '80', '42', '2002-02-07', '1980-11-17 17:30:39', '12'),
('43', 'Metrolog', '150', '43', '1995-10-20', '1986-12-27 03:01:35', '9'),
('44', 'Metrolog', '65', '44', '1972-04-24', '2011-03-30 01:37:23', '12'),
('45', 'Vzlyot', '25', '45', '2022-01-28', '1997-11-01 14:16:28', '6'),
('46', 'Vzlyot', '25', '46', '1992-09-22', '1991-03-24 18:09:00', '9'),
('47', 'Vzlyot', '100', '47', '1999-03-21', '2010-07-16 23:31:06', '6'),
('48', 'Tepovior', '150', '48', '2021-04-25', '1996-07-15 21:53:56', '12'),
('49', 'Metrolog', '150', '49', '1984-06-30', '2010-09-22 23:04:19', '12'),
('50', 'Tepovior', '100', '50', '2012-04-24', '1999-10-07 13:03:26', '9'),
('51', 'Vzlyot', '25', '51', '1986-12-07', '1995-09-10 19:25:42', '6'),
('52', 'TBM', '80', '52', '1993-03-18', '1972-09-02 05:17:36', '6'),
('53', 'Vzlyot', '65', '53', '1975-08-11', '2002-12-06 13:59:35', '9'),
('54', 'Vzlyot', '50', '54', '1970-12-26', '1987-07-24 19:02:53', '6'),
('55', 'TBM', '150', '55', '1978-08-04', '1978-03-28 08:34:09', '6'),
('56', 'Tepovior', '80', '56', '1999-08-23', '1978-05-31 15:38:19', '9'),
('57', 'Vzlyot', '50', '57', '2011-11-09', '1983-08-16 05:42:10', '6'),
('58', 'TBM', '25', '58', '1997-08-31', '1993-05-14 00:08:55', '9'),
('59', 'Metrolog', '25', '59', '1974-07-18', '2019-04-16 04:55:58', '9'),
('60', 'Vzlyot', '100', '60', '1999-04-21', '1997-01-23 08:06:15', '12'),
('61', 'Vzlyot', '50', '61', '2010-11-23', '2022-04-26 13:18:30', '6'),
('62', 'Vzlyot', '150', '62', '1972-01-01', '1970-01-31 10:53:29', '12'),
('63', 'Vzlyot', '25', '63', '1970-08-05', '1970-11-24 18:03:51', '6'),
('64', 'TBM', '50', '64', '1996-09-09', '2015-02-07 03:43:02', '12'),
('65', 'TBM', '25', '65', '1986-11-06', '1982-10-04 01:45:43', '12'),
('66', 'Metrolog', '65', '66', '1990-08-10', '1984-03-09 04:04:12', '9'),
('67', 'TBM', '100', '67', '1982-01-27', '2014-07-16 03:14:36', '9'),
('68', 'Tepovior', '80', '68', '2007-02-07', '1972-09-18 13:27:59', '12'),
('69', 'Vzlyot', '50', '69', '1994-11-04', '2012-06-18 10:38:32', '9'),
('70', 'TBM', '50', '70', '1983-09-24', '1981-08-07 14:38:44', '9'),
('71', 'Vzlyot', '100', '71', '1993-07-02', '1990-09-29 13:04:20', '6'),
('72', 'Vzlyot', '100', '72', '1974-02-15', '1981-09-14 20:18:19', '6'),
('73', 'Tepovior', '25', '73', '1992-08-07', '2014-07-28 12:11:38', '12'),
('74', 'TBM', '100', '74', '1983-09-16', '2007-03-20 17:29:36', '6'),
('75', 'Vzlyot', '65', '75', '2014-06-05', '2021-02-14 11:18:17', '9'),
('76', 'Tepovior', '25', '76', '1994-11-14', '1970-02-19 12:09:01', '9'),
('77', 'Vzlyot', '80', '77', '2007-01-02', '1977-11-13 00:34:55', '6'),
('78', 'Tepovior', '50', '78', '1975-04-29', '2005-01-23 05:37:35', '12'),
('79', 'Tepovior', '50', '79', '1981-03-09', '2018-02-24 02:53:22', '6'),
('80', 'Vzlyot', '150', '80', '1975-03-15', '2014-08-19 11:15:30', '9'),
('81', 'TBM', '80', '81', '2019-03-07', '1988-06-13 03:54:30', '12'),
('82', 'Metrolog', '80', '82', '1990-09-04', '2016-08-11 12:11:36', '6'),
('83', 'Tepovior', '150', '83', '1979-11-25', '1992-11-02 20:52:36', '9'),
('84', 'Vzlyot', '25', '84', '2012-04-03', '1986-02-19 11:27:06', '9'),
('85', 'Metrolog', '100', '85', '1975-06-27', '1992-07-29 11:15:53', '9'),
('86', 'Metrolog', '50', '86', '1994-04-12', '1976-08-21 13:59:02', '9'),
('87', 'Vzlyot', '80', '87', '1984-03-24', '2003-12-31 23:36:58', '9'),
('88', 'Tepovior', '50', '88', '2003-04-01', '2008-01-26 15:26:28', '9'),
('89', 'Vzlyot', '65', '89', '1981-11-29', '1980-04-13 11:01:07', '9'),
('90', 'Vzlyot', '150', '90', '2001-12-12', '2002-02-09 09:53:14', '9'),
('91', 'Tepovior', '50', '91', '2016-09-08', '2008-02-23 13:23:44', '9'),
('92', 'Metrolog', '150', '92', '1976-03-02', '2012-09-19 01:45:07', '6'),
('93', 'TBM', '65', '93', '2020-03-24', '1999-09-14 20:29:35', '9'),
('94', 'Tepovior', '25', '94', '2011-11-28', '1995-05-03 04:09:58', '9'),
('95', 'Metrolog', '65', '95', '1986-01-03', '1980-12-21 21:51:32', '12'),
('96', 'Vzlyot', '65', '96', '2010-10-18', '2013-10-26 20:09:51', '6'),
('97', 'Tepovior', '150', '97', '2002-03-11', '1971-09-20 11:48:44', '6'),
('98', 'TBM', '50', '98', '2018-09-22', '1983-11-19 16:11:50', '9'),
('99', 'Metrolog', '50', '99', '2012-01-31', '1985-10-29 22:53:41', '9'),
('100', 'Vzlyot', '50', '100', '2007-08-21', '2013-06-16 16:21:34', '6');



-- заполнение таблицы measurements


INSERT INTO `measurements` (`id`, `recieved_calories`, `device_id`, `measured_at`) VALUES 
('1', '3054', '1', '1984-11-28 12:11:32'),
('2', '5685', '2', '1995-06-21 17:00:24'),
('3', '3847', '3', '2021-05-23 15:02:38'),
('4', '9858', '4', '1982-04-13 03:21:00'),
('5', '1823', '5', '2018-09-16 21:08:09'),
('6', '8232', '6', '2012-08-30 08:19:14'),
('7', '5787', '7', '2020-05-20 09:54:02'),
('8', '9518', '8', '2010-04-03 07:25:28'),
('9', '1107', '9', '2010-03-01 22:13:47'),
('10', '4583', '10', '1995-06-03 20:03:18'),
('11', '3656', '11', '1993-11-11 03:39:52'),
('12', '8477', '12', '1992-06-06 16:43:49'),
('13', '4990', '13', '2007-02-26 00:29:18'),
('14', '6973', '14', '1981-09-07 13:15:32'),
('15', '2934', '15', '1970-04-06 00:25:24'),
('16', '3882', '16', '1995-05-12 02:31:08'),
('17', '9857', '17', '1991-03-05 13:47:47'),
('18', '6828', '18', '2015-12-12 07:33:17'),
('19', '3632', '19', '2012-07-29 09:45:08'),
('20', '9259', '20', '1979-08-29 21:56:44'),
('21', '2364', '21', '1982-06-23 21:52:55'),
('22', '7243', '22', '2009-10-30 10:22:59'),
('23', '7425', '23', '1973-10-06 16:46:59'),
('24', '4359', '24', '1992-07-11 03:29:36'),
('25', '6087', '25', '2021-12-25 23:41:15'),
('26', '7725', '26', '1994-12-30 10:46:40'),
('27', '3996', '27', '1986-05-19 12:21:01'),
('28', '6177', '28', '2017-01-03 21:30:20'),
('29', '9940', '29', '2001-06-26 00:45:20'),
('30', '6662', '30', '2009-04-19 21:00:41'),
('31', '5502', '31', '1998-12-05 11:46:17'),
('32', '9201', '32', '1992-10-14 19:57:08'),
('33', '1228', '33', '1997-08-25 16:33:48'),
('34', '7244', '34', '2015-01-25 03:35:52'),
('35', '8072', '35', '1997-06-11 20:00:07'),
('36', '6164', '36', '1979-10-09 05:05:50'),
('37', '4750', '37', '2021-11-14 16:03:12'),
('38', '5394', '38', '1989-11-12 23:52:03'),
('39', '9192', '39', '2005-01-23 06:29:07'),
('40', '6262', '40', '2013-08-30 21:42:06'),
('41', '7143', '41', '1973-12-12 15:15:35'),
('42', '7686', '42', '2002-02-07 10:17:10'),
('43', '1621', '43', '1990-01-04 06:14:54'),
('44', '1991', '44', '1996-12-11 16:35:04'),
('45', '2531', '45', '2006-10-20 08:48:20'),
('46', '1480', '46', '2012-11-07 18:51:10'),
('47', '6480', '47', '1997-02-10 00:09:13'),
('48', '1787', '48', '1991-10-15 07:09:32'),
('49', '6248', '49', '1984-02-10 05:56:13'),
('50', '6568', '50', '1985-04-08 12:01:21'),
('51', '9435', '51', '1980-08-25 21:43:54'),
('52', '8148', '52', '2002-03-19 11:33:04'),
('53', '4321', '53', '2003-01-10 03:40:22'),
('54', '2696', '54', '2006-12-16 08:49:31'),
('55', '5394', '55', '2009-04-25 20:17:47'),
('56', '9418', '56', '1973-10-13 06:18:21'),
('57', '1770', '57', '2001-10-15 09:17:16'),
('58', '1607', '58', '2012-07-16 08:44:33'),
('59', '1967', '59', '2008-12-25 05:21:37'),
('60', '7813', '60', '1982-04-27 22:30:36'),
('61', '1759', '61', '1990-10-05 23:57:04'),
('62', '6827', '62', '2004-09-10 23:06:25'),
('63', '7447', '63', '1970-07-12 07:32:08'),
('64', '2370', '64', '2017-08-06 20:09:41'),
('65', '5428', '65', '1976-01-12 04:35:51'),
('66', '2286', '66', '1988-06-12 13:17:19'),
('67', '8215', '67', '2015-04-12 23:30:02'),
('68', '7322', '68', '1979-06-08 06:39:02'),
('69', '4608', '69', '2019-10-10 21:27:45'),
('70', '6442', '70', '2000-05-26 14:39:15'),
('71', '8651', '71', '2018-04-01 17:35:18'),
('72', '6727', '72', '1989-03-26 03:10:00'),
('73', '2030', '73', '1998-02-11 14:05:25'),
('74', '8991', '74', '1976-10-20 10:33:14'),
('75', '6016', '75', '1991-11-27 19:37:53'),
('76', '9392', '76', '1975-08-24 17:08:01'),
('77', '4696', '77', '2021-09-26 07:34:32'),
('78', '3228', '78', '2015-05-10 02:07:07'),
('79', '6903', '79', '2017-06-30 01:28:22'),
('80', '4610', '80', '1992-02-23 07:33:12'),
('81', '8700', '81', '2006-12-01 07:09:22'),
('82', '4701', '82', '1990-08-17 16:22:45'),
('83', '3900', '83', '2001-02-19 10:56:15'),
('84', '1336', '84', '1980-11-20 21:31:08'),
('85', '9568', '85', '2001-01-30 14:54:57'),
('86', '5217', '86', '1982-11-01 03:08:57'),
('87', '8019', '87', '1977-08-28 11:06:44'),
('88', '2582', '88', '1982-05-29 06:03:55'),
('89', '4461', '89', '1983-04-25 12:58:12'),
('90', '5793', '90', '1972-07-02 14:53:29'),
('91', '6952', '91', '1981-09-12 10:49:30'),
('92', '4830', '92', '1980-03-07 19:07:10'),
('93', '6227', '93', '2001-02-25 07:28:22'),
('94', '6401', '94', '1985-11-14 13:08:13'),
('95', '5564', '95', '1985-12-15 07:53:30'),
('96', '6932', '96', '1989-10-27 17:45:57'),
('97', '7037', '97', '1973-08-25 04:18:20'),
('98', '7433', '98', '2012-02-05 00:46:30'),
('99', '3066', '99', '2000-05-12 00:20:17'),
('100', '8488', '100', '1993-06-14 18:37:01');

-- заполнение таблицы measurements

INSERT INTO `prefecture` (`id`, `name`, `directors_firest_name`, `directors_last_name`) VALUES 
('1', 'ullam', 'Nathan', 'Rutherford'),
('2', 'omnis', 'Grayson', 'Roob'),
('3', 'aut', 'Zora', 'Aufderhar'),
('4', 'et', 'Myrtie', 'Eichmann');
-- заполнение таблицы district

INSERT INTO `district` (`id`, `name`, `prefecture_id`) VALUES ('1', 'quae', '1'),
('2', 'voluptatem', '2'),
('3', 'nobis', '3'),
('4', 'ipsa', '4'),
('5', 'deleniti', '1'),
('6', 'rerum', '2'),
('7', 'molestiae', '3'),
('8', 'iste', '4'),
('9', 'eaque', '1'),
('10', 'in', '2'),
('11', 'magnam', '3'),
('12', 'aut', '4'),
('13', 'eaque', '1'),
('14', 'dolorem', '2'),
('15', 'ut', '3'),
('16', 'nobis', '4');


-- заполнение таблицы brigade


INSERT INTO `brigade` (`id`, `name_of_brigadier`, `name_of_engineer`, `name_of_worker_1`, `name_of_worker_2`, `name_of_driver`, `service_company_id`) VALUES ('1', 'Thora Dooley', 'Dr. Ron Haag', 'Carolina Emard III', 'Sim Hilpert', 'Ramon Sipes', '1'),
('2', 'Narciso Hartmann', 'Stephany Berge III', 'Rosetta Kuvalis', 'Mr. Torrance Lebsack', 'Laron Dare', '2'),
('3', 'Janiya Breitenberg IV', 'Ardella Konopelski', 'Lawson Keeling PhD', 'Winona Jacobs', 'Lera Kuhlman', '3'),
('4', 'Karen Balistreri', 'Koby Walker DVM', 'Tevin Durgan', 'Alfreda O\'Hara', 'Oswald Harvey V', '4'),
('5', 'Lemuel Grady', 'Jody Jast', 'Cleta Friesen', 'Dr. Rhoda Barrows', 'Dr. Eloy Murazik', '5'),
('6', 'Orval White', 'Vito Conroy', 'Maximilian Gusikowski', 'Mr. Alan Wolff MD', 'Dedric Murray', '6'),
('7', 'Talon Stehr', 'Ms. Antonette Kiehn', 'Lina Kuhic', 'Miss Claudine Leannon DVM', 'Prof. Mertie Bradtke III', '7'),
('8', 'Quinn Gusikowski', 'Emile Schmitt', 'Hassie Keeling V', 'Nora Senger', 'Dr. Jaycee Stracke MD', '8'),
('9', 'Delia Kuvalis', 'Coty Stoltenberg', 'Jordyn Murphy', 'Ashleigh Little PhD', 'Loraine Hauck', '9'),
('10', 'Brett Bogan Jr.', 'Marilie Hammes', 'Arvid Schamberger', 'Monte Pagac', 'Dr. Katherine Roob PhD', '10'),
('11', 'Ms. Zoey Pollich', 'Lavern Murray', 'Jody Lehner', 'Alessandra Beahan', 'Bethany Harris Jr.', '11'),
('12', 'Ricardo Kshlerin', 'Dr. Ansel Crooks', 'Mr. Brenden Collins I', 'Kayden Von', 'Brent O\'Hara', '12'),
('13', 'Wilfredo Kreiger', 'Prof. Joesph Kessler', 'Maxwell Maggio', 'Lucinda Lehner', 'Myrtis Will', '13'),
('14', 'Bryana Mueller', 'Anabel Miller', 'Pierce Oberbrunner DVM', 'Emilio Lang', 'Alycia Lynch IV', '14'),
('15', 'Ursula Johnson', 'Brielle Emmerich', 'Dr. Mateo Gibson Sr.', 'Darian Durgan', 'Prof. Zena Hayes', '15'),
('16', 'Hazel Goyette', 'Vivien Bahringer', 'Clay Waters', 'Dr. Heaven Bechtelar II', 'Cornell Hackett', '16'),
('17', 'Ila Nicolas', 'Marielle Gottlieb', 'Damon Mayert', 'Ludwig Bailey', 'Mandy Deckow PhD', '17'),
('18', 'Abe Stoltenberg', 'Arvel Bartoletti', 'Yessenia Hamill', 'Katelyn Heller', 'Florida Pollich', '18'),
('19', 'Prof. Keegan Bayer', 'Caleb Johns', 'Abagail Howe', 'Annabelle Stamm', 'Mrs. Retha Predovic Jr.', '19'),
('20', 'Stanley Beer', 'Talia Erdman', 'Lamar Roob', 'Miss Florida Mayer', 'Cameron Daugherty', '20'),
('21', 'Pearline Stroman', 'Vaughn Parker', 'Kamille Mayert', 'Angelo Wilderman', 'Salvador Bauch', '21'),
('22', 'Jacynthe Bruen', 'Dorian Rohan', 'Rosalyn Langworth Sr.', 'Pinkie Schneider', 'Daisha Jones', '22'),
('23', 'Prof. Jason Cronin Sr.', 'Ms. Carrie Prosacco Sr.', 'Bella Dare', 'Anne Robel', 'Roberta Prosacco', '23'),
('24', 'Ines Hessel IV', 'Winifred Schulist', 'Rogelio Rippin', 'Brandi Von', 'Wyman Quitzon', '24'),
('25', 'Lamar Gaylord', 'Zachery Wuckert', 'Nico Klocko', 'Dr. Otis Langosh PhD', 'Camylle Ernser', '25'),
('26', 'Dr. Melyna Kuphal II', 'Jacinthe Raynor', 'Kathryne Doyle', 'Dr. Dion Russel I', 'Reinhold Beahan DDS', '26'),
('27', 'Marquise Bradtke', 'Wilma Kihn', 'Dr. Rachelle Zieme', 'Stacy Kutch', 'Johathan Gleason', '27'),
('28', 'Micheal Fisher Sr.', 'Verna DuBuque Jr.', 'Gust Yundt DVM', 'Flavie Nicolas', 'Isaias Barrows', '28'),
('29', 'Dr. Elton Weissnat', 'Dr. Jaclyn Wiegand', 'Allan Conroy', 'Ms. Jennie Durgan', 'Jaeden Huel', '29'),
('30', 'Elwyn Sipes V', 'Mia Kunze', 'Carolyne Turcotte PhD', 'Dr. Luther Romaguera', 'Dr. Vivianne Stiedemann', '30'),
('31', 'Lela Krajcik', 'Marlin Heathcote I', 'Ms. Jermaine Wunsch IV', 'Erica Keebler', 'Miss Rosalia VonRueden Jr.', '31'),
('32', 'Jett Gerhold V', 'Ross Dietrich', 'Uriel Conroy', 'Dr. Melvin Marvin', 'Prof. Walter Effertz', '32'),
('33', 'Lane Wisozk V', 'Jennings Beatty', 'Prof. Kian Bayer', 'Odie Kuvalis', 'Royce Fahey', '33'),
('34', 'Kane King', 'Heber Pfannerstill', 'Mr. Josiah Legros I', 'Jasmin Cronin DVM', 'Claudie Schuster', '34'),
('35', 'Clare Osinski', 'Carmelo Stracke III', 'Sammie Murphy IV', 'Prof. Aniya Cassin', 'Tyrel Dickens', '35'),
('36', 'Dell Johns', 'Stacey Spinka', 'Ms. Missouri Kunde PhD', 'Kailyn Pouros', 'Trent Funk', '36'),
('37', 'Casey Swift', 'Fabiola Stanton', 'Rosetta Watsica', 'Phyllis Bernier IV', 'Jakob Herzog', '37'),
('38', 'Prof. Dan Swift', 'Sandy Beier', 'Maxime Crooks', 'Kraig Reilly I', 'Dr. Ciara Hammes', '38'),
('39', 'Mrs. Samantha Lueilwitz Jr.', 'Miss Rosanna Deckow', 'Dr. Ludie Ledner Sr.', 'Mr. Kevon Runolfsson', 'Amalia Rosenbaum', '39'),
('40', 'Prof. Dolores Stiedemann I', 'Mack Smitham', 'Johnny Monahan', 'Andre Lind', 'Mrs. Claudia Cruickshank', '40'),
('41', 'Therese Turner', 'Xander Bogisich', 'Mr. Jerome Will DDS', 'Breana Schowalter', 'Lysanne Schaden', '41'),
('42', 'Mrs. Joanny Hackett', 'Jaquan Cronin', 'Prof. Donato Jacobs IV', 'Hank Bednar PhD', 'Elwin Moen', '42'),
('43', 'Dr. Rosamond Gerhold IV', 'Jonathan Schinner', 'Elaina Johnston', 'Ali Leannon', 'Karlie Daniel', '43'),
('44', 'Caleb Raynor', 'Willa Braun II', 'Victor Gerhold PhD', 'Prof. Jeramie Hayes', 'Harold Nikolaus', '44'),
('45', 'Brandyn Koelpin', 'Miss Pearline Mueller', 'Joanne Miller', 'Javon Pagac', 'Sid Rosenbaum II', '45'),
('46', 'Rhianna Harvey', 'Katrina Carroll', 'Esmeralda Schmeler', 'Joshua Wolff', 'Micheal Hand', '46'),
('47', 'Devonte Kovacek', 'Bethel Purdy', 'Miss Kristina Medhurst MD', 'Dr. Eliseo Hansen PhD', 'Prof. Anibal Schroeder', '47'),
('48', 'Mrs. Annie Powlowski DDS', 'Leon Kohler', 'Kameron Johnson V', 'Cindy Rosenbaum Jr.', 'Dr. Susie Bahringer', '48'),
('49', 'Javier Schulist', 'Nina Morar', 'Dr. Audreanne Kris Sr.', 'Landen Schiller', 'Chance Morissette DVM', '49'),
('50', 'Dr. Anahi Goyette', 'Miss Emmie Halvorson Jr.', 'Rickie Hettinger', 'Hayley Prosacco', 'Lucas Wintheiser', '50'),
('51', 'Yazmin Wintheiser', 'Zita Dibbert', 'Desmond Schaefer DVM', 'Jackson Lesch', 'Amir Conn', '51'),
('52', 'Graham Botsford Jr.', 'Zackery Dicki', 'Mr. Tad Rutherford DDS', 'Narciso Goodwin DVM', 'Elmo Rice', '52'),
('53', 'Prof. Dax Green', 'Miss Gwen Parisian', 'Kayli Stark', 'Dr. Nikki Daniel', 'Elinore Will', '53'),
('54', 'Dalton Jaskolski II', 'Prof. Elian Schaden DVM', 'Dr. Estefania Vandervort IV', 'Dr. Olga Gulgowski', 'Reagan Romaguera', '54'),
('55', 'Eryn Casper', 'Nora Wunsch', 'Prof. Cameron Schaefer', 'Hayley D\'Amore IV', 'Mr. Porter Bailey', '55'),
('56', 'Delores Baumbach IV', 'Dr. Paxton Corwin', 'Dr. Sharon Pacocha MD', 'Trevor O\'Connell', 'Prof. Dangelo Keebler', '56'),
('57', 'Alanis Schmeler', 'Tod Murray', 'Dr. Madalyn Jenkins III', 'Amira Stanton', 'Waldo Daugherty', '57'),
('58', 'Ms. Bessie Ratke', 'Sheridan Lang PhD', 'Ambrose Wiza V', 'Heloise Koss', 'Camden Conn II', '58'),
('59', 'Leonardo Stehr', 'Idella Goldner III', 'Leila Dickinson', 'Prof. Betty Jacobson PhD', 'Dr. Harry Howe', '59'),
('60', 'Baby Cartwright', 'Alessia Blanda', 'Wellington Casper', 'Mrs. Concepcion Harris DDS', 'Forest Osinski', '60'),
('61', 'Prof. Aaron Denesik', 'Torey Muller Sr.', 'Dannie Schneider', 'Sydnie Feest', 'Bethel Kiehn', '61'),
('62', 'Rudolph Hilpert', 'Margarita Zulauf', 'Therese Rogahn', 'Abby Huels DVM', 'Merle Koss', '62'),
('63', 'Ella Greenfelder', 'Miss Lilliana Russel', 'Destiney Luettgen', 'Lulu Padberg', 'Ms. Nova Frami MD', '63'),
('64', 'Lilly Abbott', 'Russel Effertz', 'Marlon Steuber', 'Mr. Adolfo Paucek II', 'Lucienne Zemlak', '64'),
('65', 'Letitia Towne', 'Estefania Macejkovic Jr.', 'Vesta Reichert', 'Prof. Glen Herman', 'Mr. Easter Casper', '65'),
('66', 'Prof. Martin Bogisich I', 'Sandy Lueilwitz', 'Braden Schulist', 'Skyla Brakus', 'Janae Hahn Jr.', '66'),
('67', 'Prof. Jake Eichmann', 'Israel Koepp', 'Eriberto Reynolds', 'Prof. Horacio Dare', 'Lionel Miller', '67'),
('68', 'Dr. Ferne Sauer', 'Corine Gerlach', 'Dr. Trevion Little Jr.', 'Norene Turner III', 'Brooks Bruen', '68'),
('69', 'Alayna Mann', 'Prof. Fae Rice', 'Adolf Miller IV', 'Lonzo Champlin', 'Providenci Kuhn PhD', '69'),
('70', 'Allan Hahn', 'Drake Sporer', 'Whitney Durgan MD', 'Jayson Mante', 'Barney Luettgen', '70'),
('71', 'Jeromy Parker', 'Xavier Marquardt MD', 'Dr. Cheyenne Murray', 'Dr. Marquis Hirthe DDS', 'Blanca Lebsack', '71'),
('72', 'Ashton Mosciski', 'Alec Prosacco', 'Lambert Donnelly', 'Prof. Maynard Windler', 'Flossie Lehner', '72'),
('73', 'Magdalen Lemke Sr.', 'Mr. Benedict Parisian', 'Vicky Keebler III', 'Shemar Tromp', 'Neva Schowalter', '73'),
('74', 'Zackary Cartwright', 'Mallory Littel', 'Mariam Senger', 'Pink Carter', 'Malvina Kautzer', '74'),
('75', 'Tad Gulgowski', 'Virgil Connelly V', 'Hobart Schroeder Sr.', 'Nettie Brown', 'Blair Harvey MD', '75'),
('76', 'Vernie Koch', 'Adela Grimes', 'Amparo Kuvalis', 'Ms. Zelda White', 'Bernie West', '76'),
('77', 'Rex Blanda', 'Dr. Carlie McLaughlin Jr.', 'Hope Ziemann IV', 'Melvin Altenwerth MD', 'Brian Schmidt', '77'),
('78', 'Mae Wilderman', 'Veda Carroll', 'Arlene Blanda', 'Sherwood Adams', 'Miss Rowena Ruecker', '78'),
('79', 'Bethany Bergnaum', 'Ms. Mozelle Kuhlman', 'Prof. Dorthy Farrell III', 'Aubree Russel', 'Zack Deckow', '79'),
('80', 'Alvina Prosacco MD', 'Alessia Lueilwitz', 'Jaquelin Bashirian', 'Magdalen Nikolaus', 'Mr. Reese McCullough II', '80'),
('81', 'Kim Kassulke', 'Tyshawn Cummerata', 'Leo Runte', 'Hailee Runte PhD', 'Sammy Hoeger', '81'),
('82', 'Prof. Lucas Parisian', 'Demario Gusikowski', 'Alba Schroeder', 'Dr. Litzy Gleason', 'Kyra Armstrong', '82'),
('83', 'Cayla Johns', 'Cleora Rowe', 'Lauryn Moen', 'Tito Cartwright', 'Tabitha Lueilwitz', '83'),
('84', 'Morgan Lind', 'Annetta Swaniawski', 'Dr. Cassidy Rohan III', 'Dr. Marcus Fahey', 'Jamison Sanford', '84'),
('85', 'Malvina Greenfelder MD', 'Al O\'Kon', 'Dulce Boehm', 'Kameron Jakubowski', 'Kaitlin Swift', '85'),
('86', 'Dean Barton', 'Tyrel Lowe', 'Prof. Brown Hoppe V', 'Joesph Lowe', 'Avis Simonis', '86'),
('87', 'Christian Casper', 'Maeve Cole', 'Alyce Jones', 'Ada Runolfsson', 'Prof. Harmon Bauch PhD', '87'),
('88', 'Martine Glover', 'Sigmund Smitham', 'Israel Gerhold', 'Tracy Ondricka', 'Candice Casper', '88'),
('89', 'Rogelio Halvorson', 'Scot Hammes', 'Mrs. Lorna Yundt', 'Prof. Keon Willms MD', 'Mrs. Emmie Wunsch DVM', '89'),
('90', 'Holly Hermiston', 'Bulah Carroll', 'Gene Weissnat', 'Cletus Walker', 'Carmella Bernier', '90'),
('91', 'Rahul Hackett', 'Aurore Hickle MD', 'Presley Kling', 'Amber Jast', 'Mr. Jacey Keeling Jr.', '91'),
('92', 'Helga Barrows', 'Myah Pfeffer', 'Prof. Gregg Douglas MD', 'Alycia Metz', 'Osvaldo Hayes', '92'),
('93', 'Jimmy Balistreri', 'Prof. Sarai McKenzie IV', 'Andre Bogisich', 'Prof. Augusta Schuster', 'Ruby Balistreri', '93'),
('94', 'Mrs. Alene Lindgren', 'Betsy Stiedemann', 'Kirk Rodriguez', 'Dr. Keon Von', 'Evelyn Cormier', '94'),
('95', 'Asia Price MD', 'Sadie Effertz', 'Tatum Trantow', 'Loraine Boyer', 'Abel Kerluke', '95'),
('96', 'Fay Wolf', 'Camilla O\'Reilly', 'Noelia McKenzie', 'Mason Schroeder', 'Garrison O\'Connell', '96'),
('97', 'Gus Swift', 'Beulah Walter', 'Kylie Beier', 'Abner Marvin', 'Wilfredo Stroman', '97'),
('98', 'Prof. Brannon Hintz PhD', 'Prof. Jarret Bode', 'Lizeth Raynor', 'Creola Jacobi DDS', 'Santa Dietrich', '98'),
('99', 'Philip Rolfson', 'Mr. Monserrate Greenfelder III', 'Miss Madie Kozey', 'Abigale Kiehn', 'Lauriane Willms', '99'),
('100', 'Evert Maggio', 'Dr. Lois Kilback', 'Dr. Kaycee Donnelly III', 'Kylie Nicolas', 'Christian Hand MD', '100');


-- заполнение таблицы heating_company


INSERT INTO `heating_company` (`id`, `name`, `CEO_name`, `CEO_last_name`, `given_calories`) VALUES 
('1', 'natus', 'Carolyne', 'Mayert', '27404632'),
('2', 'nulla', 'David', 'Willms', '75859136'),
('3', 'et', 'Theresa', 'Will', '80972039'),
('4', 'neque', 'Dayana', 'Kulas', '64044154');


-- заполнение таблицы heating_point


INSERT INTO `heating_point` (`id`, `name`, `given_calories`, `building_id`, `district_id`, `heating_company_id`) VALUES 
('1', 'non', '6653', '1', '1', '1'),
('2', 'ea', '6539', '2', '2', '2'),
('3', 'dolor', '1616', '3', '3', '3'),
('4', 'sed', '9421', '4', '4', '4'),
('5', 'sit', '3370', '5', '5', '1'),
('6', 'aut', '6331', '6', '6', '2'),
('7', 'voluptatem', '7690', '7', '7', '3'),
('8', 'corrupti', '1413', '8', '8', '4'),
('9', 'voluptatum', '5952', '9', '9', '1'),
('10', 'cum', '9315', '10', '10', '2'),
('11', 'rerum', '8500', '11', '11', '3'),
('12', 'deserunt', '9327', '12', '12', '4'),
('13', 'architecto', '8695', '13', '13', '1'),
('14', 'dolor', '5791', '14', '14', '2'),
('15', 'qui', '9901', '15', '15', '3'),
('16', 'nulla', '5075', '16', '16', '4'),
('17', 'delectus', '2067', '17', '1', '1'),
('18', 'a', '2452', '18', '2', '2'),
('19', 'ut', '3271', '19', '3', '3'),
('20', 'et', '2990', '20', '4', '4'),
('21', 'repellendus', '3791', '21', '5', '1'),
('22', 'labore', '8575', '22', '6', '2'),
('23', 'quia', '7784', '23', '7', '3'),
('24', 'vel', '5718', '24', '8', '4'),
('25', 'occaecati', '9353', '25', '9', '1'),
('26', 'cupiditate', '2598', '26', '10', '2'),
('27', 'perspiciatis', '5522', '27', '11', '3'),
('28', 'sed', '6185', '28', '12', '4'),
('29', 'atque', '6075', '29', '13', '1'),
('30', 'qui', '2920', '30', '14', '2'),
('31', 'et', '6751', '31', '15', '3'),
('32', 'ea', '6980', '32', '16', '4'),
('33', 'illum', '4566', '33', '1', '1'),
('34', 'dolores', '8998', '34', '2', '2'),
('35', 'quam', '9345', '35', '3', '3'),
('36', 'perspiciatis', '8161', '36', '4', '4'),
('37', 'dolorum', '7460', '37', '5', '1'),
('38', 'sapiente', '1559', '38', '6', '2'),
('39', 'et', '5970', '39', '7', '3'),
('40', 'autem', '1778', '40', '8', '4'),
('41', 'accusamus', '7866', '41', '9', '1'),
('42', 'minima', '7411', '42', '10', '2'),
('43', 'voluptatum', '3098', '43', '11', '3'),
('44', 'et', '5003', '44', '12', '4'),
('45', 'quibusdam', '2661', '45', '13', '1'),
('46', 'voluptatem', '3664', '46', '14', '2'),
('47', 'voluptas', '5639', '47', '15', '3'),
('48', 'maxime', '2501', '48', '16', '4'),
('49', 'esse', '5994', '49', '1', '1'),
('50', 'et', '5198', '50', '2', '2'),
('51', 'perferendis', '7974', '51', '3', '3'),
('52', 'culpa', '8041', '52', '4', '4'),
('53', 'veniam', '8305', '53', '5', '1'),
('54', 'expedita', '1944', '54', '6', '2'),
('55', 'laudantium', '8063', '55', '7', '3'),
('56', 'ut', '8126', '56', '8', '4'),
('57', 'voluptates', '9999', '57', '9', '1'),
('58', 'ut', '1458', '58', '10', '2'),
('59', 'facere', '6635', '59', '11', '3'),
('60', 'aliquam', '8087', '60', '12', '4'),
('61', 'voluptas', '5068', '61', '13', '1'),
('62', 'nulla', '4765', '62', '14', '2'),
('63', 'vel', '7539', '63', '15', '3'),
('64', 'numquam', '3766', '64', '16', '4'),
('65', 'aut', '1910', '65', '1', '1'),
('66', 'sit', '5654', '66', '2', '2'),
('67', 'earum', '6114', '67', '3', '3'),
('68', 'dolores', '3507', '68', '4', '4'),
('69', 'vel', '4065', '69', '5', '1'),
('70', 'et', '1524', '70', '6', '2'),
('71', 'animi', '7382', '71', '7', '3'),
('72', 'architecto', '8652', '72', '8', '4'),
('73', 'atque', '3542', '73', '9', '1'),
('74', 'reprehenderit', '9424', '74', '10', '2'),
('75', 'optio', '8037', '75', '11', '3'),
('76', 'at', '7423', '76', '12', '4'),
('77', 'consectetur', '3069', '77', '13', '1'),
('78', 'et', '3482', '78', '14', '2'),
('79', 'tempore', '4021', '79', '15', '3'),
('80', 'enim', '8913', '80', '16', '4'),
('81', 'aperiam', '4461', '81', '1', '1'),
('82', 'autem', '1742', '82', '2', '2'),
('83', 'quo', '7786', '83', '3', '3'),
('84', 'perferendis', '7871', '84', '4', '4'),
('85', 'id', '3021', '85', '5', '1'),
('86', 'ad', '7567', '86', '6', '2'),
('87', 'ex', '7002', '87', '7', '3'),
('88', 'et', '6744', '88', '8', '4'),
('89', 'in', '1806', '89', '9', '1'),
('90', 'corrupti', '7225', '90', '10', '2'),
('91', 'et', '5373', '91', '11', '3'),
('92', 'voluptatem', '8668', '92', '12', '4'),
('93', 'pariatur', '6494', '93', '13', '1'),
('94', 'culpa', '4546', '94', '14', '2'),
('95', 'ab', '8756', '95', '15', '3'),
('96', 'minima', '3788', '96', '16', '4'),
('97', 'quia', '3286', '97', '1', '1'),
('98', 'voluptatem', '4319', '98', '2', '2'),
('99', 'optio', '8126', '99', '3', '3'),
('100', 'eius', '8837', '100', '4', '4');


-- заполнение таблицы consumer

INSERT INTO `consumer` (`id`, `name`, `last_name`, `financial_account`, `phone_number`, `bill`, `building_id`) VALUES 
('1', 'Keshaun', 'Koch', '4783071550', '89055189385', '9664', '1'),
('2', 'Brooklyn', 'Erdman', '3943686173', '89087911023', '5039', '2'),
('3', 'Kelsie', 'Lind', '1281188722', '89052118524', '6175', '3'),
('4', 'Creola', 'Feeney', '2747332221', '89033547292', '11034', '4'),
('5', 'Rick', 'Bayer', '8694034074', '89053106248', '8771', '5'),
('6', 'Jayda', 'Paucek', '599033260', '89025295288', '8550', '6'),
('7', 'Willy', 'Beer', '6304768934', '89064358560', '10487', '7'),
('8', 'Jacynthe', 'Larson', '1163503076', '89024545664', '5058', '8'),
('9', 'Rogelio', 'Lockman', '6263980195', '89030892546', '7877', '9'),
('10', 'Ramiro', 'Auer', '9311573472', '89095012446', '7574', '10'),
('11', 'Zoie', 'Halvorson', '4789229613', '89083419746', '11228', '11'),
('12', 'Jadon', 'Marks', '7566456771', '89014919993', '11787', '12'),
('13', 'Afton', 'Parisian', '3232005341', '89057010280', '5043', '13'),
('14', 'Audie', 'Jakubowski', '3025377467', '89057642795', '9246', '14'),
('15', 'Julien', 'Bernhard', '9830930177', '89010066166', '11611', '15'),
('16', 'Skye', 'Auer', '4970597927', '89058302489', '8204', '16'),
('17', 'Oral', 'Schiller', '2410225426', '89053680192', '7950', '17'),
('18', 'Cayla', 'Huels', '1541512995', '89076847423', '5807', '18'),
('19', 'Geraldine', 'Denesik', '6888243053', '89068365654', '8427', '19'),
('20', 'Desmond', 'Feeney', '6880793311', '89075135212', '9899', '20'),
('21', 'Savanah', 'Bernhard', '5990890483', '89083108481', '8006', '21'),
('22', 'Reid', 'Jacobi', '1348817349', '89086211582', '8220', '22'),
('23', 'Stephany', 'Hilll', '8440447929', '89096379185', '7950', '23'),
('24', 'Nicola', 'Bergnaum', '1130687385', '89045232964', '10321', '24'),
('25', 'Carolanne', 'Gorczany', '6366839884', '89010324253', '5426', '25'),
('26', 'Edwardo', 'O\'Hara', '1986888438', '89089347448', '11594', '26'),
('27', 'Madilyn', 'Rice', '2640150520', '89085893504', '7686', '27'),
('28', 'Clementine', 'Ferry', '4062252813', '89014164109', '7850', '28'),
('29', 'Emilio', 'Hoppe', '9135405276', '89023725758', '8316', '29'),
('30', 'Greyson', 'Kunde', '2841549609', '89089401658', '8475', '30'),
('31', 'Peggie', 'Maggio', '7267764387', '89057075766', '6461', '31'),
('32', 'Santiago', 'Marks', '9830710398', '89090402548', '6767', '32'),
('33', 'Rasheed', 'Douglas', '4489592658', '89028089052', '8294', '33'),
('34', 'Eloise', 'Durgan', '8617586516', '89034391573', '7043', '34'),
('35', 'Aubree', 'Smith', '8671935959', '89023923145', '6947', '35'),
('36', 'Norma', 'Wuckert', '2447623895', '89012556167', '6741', '36'),
('37', 'Nils', 'Abbott', '6466158233', '89072192164', '11523', '37'),
('38', 'Dortha', 'Jenkins', '7073000283', '89033521963', '5633', '38'),
('39', 'Francesco', 'Gutkowski', '1715286714', '89071553473', '5424', '39'),
('40', 'Rollin', 'Blanda', '899431305', '89020304321', '10813', '40'),
('41', 'Nels', 'Shields', '4694771799', '89044944719', '6559', '41'),
('42', 'Davon', 'Reichel', '6265840293', '89015644722', '7503', '42'),
('43', 'Alexandrea', 'Renner', '1949247667', '89043024173', '11756', '43'),
('44', 'Aurore', 'Welch', '440065372', '89091109329', '7849', '44'),
('45', 'Anne', 'Weissnat', '7067704452', '89028532310', '11762', '45'),
('46', 'Rollin', 'Kilback', '2416636739', '89035119418', '11980', '46'),
('47', 'Ayla', 'Bode', '5083455630', '89091496426', '10104', '47'),
('48', 'Shane', 'O\'Keefe', '124969017', '89092570462', '6700', '48'),
('49', 'Chloe', 'Rogahn', '7002510899', '89093490665', '7277', '49'),
('50', 'Madonna', 'Murray', '1494225934', '89040883431', '8107', '50'),
('51', 'Fredrick', 'Parisian', '6791144437', '89014111243', '7489', '51'),
('52', 'Valentine', 'Ratke', '8594644176', '89052385519', '5526', '52'),
('53', 'Austyn', 'Harvey', '1705875118', '89039696108', '7259', '53'),
('54', 'Hank', 'Jakubowski', '3356400710', '89087195539', '8097', '54'),
('55', 'Saul', 'Gleichner', '1628659987', '89047133528', '10810', '55'),
('56', 'Jalen', 'Gutkowski', '3622117289', '89095115398', '7945', '56'),
('57', 'Lelia', 'Gerhold', '3708919967', '89036295856', '11415', '57'),
('58', 'Aubree', 'Hickle', '7091202973', '89066466728', '6206', '58'),
('59', 'Daphne', 'Stracke', '6043950715', '89062077231', '8915', '59'),
('60', 'Adolfo', 'Fisher', '5633508307', '89089160559', '10736', '60'),
('61', 'Yessenia', 'Shanahan', '813035705', '89094797902', '7693', '61'),
('62', 'Sean', 'Nicolas', '5622536140', '89031554414', '9825', '62'),
('63', 'Leilani', 'Harber', '3903157390', '89032024925', '5628', '63'),
('64', 'Weldon', 'Greenfelder', '2766739000', '89022294620', '7945', '64'),
('65', 'Burdette', 'Torphy', '1330368328', '89058999034', '10573', '65'),
('66', 'Ana', 'Mayert', '7755606062', '89027340330', '7867', '66'),
('67', 'Krystal', 'Frami', '3454628373', '89084439681', '8277', '67'),
('68', 'Tevin', 'Muller', '2930560024', '89049705800', '11572', '68'),
('69', 'Ora', 'Bechtelar', '1856808854', '89075607534', '8324', '69'),
('70', 'Edwina', 'Larson', '1658841838', '89057571923', '11267', '70'),
('71', 'Laron', 'Cartwright', '2653549155', '89023588976', '8058', '71'),
('72', 'Mike', 'Bartoletti', '8073513349', '89081553795', '5408', '72'),
('73', 'Roxanne', 'Leuschke', '5685386476', '89043194381', '11074', '73'),
('74', 'Taylor', 'Kilback', '839778572', '89086427395', '9530', '74'),
('75', 'Peyton', 'Hyatt', '9251533402', '89090555905', '8108', '75'),
('76', 'Dolly', 'Osinski', '5100122681', '89067982646', '7586', '76'),
('77', 'Odell', 'Corkery', '5332635771', '89094128999', '8386', '77'),
('78', 'Arnulfo', 'Rempel', '1518272721', '89030234959', '8465', '78'),
('79', 'Golden', 'Bauch', '4356640731', '89070434568', '11138', '79'),
('80', 'Nelda', 'Weimann', '1026745164', '89041353619', '6582', '80'),
('81', 'Rosemarie', 'Lowe', '8611093890', '89033870405', '10002', '81'),
('82', 'Mireille', 'Runolfsson', '7187102460', '89065602418', '9459', '82'),
('83', 'Lulu', 'Nitzsche', '9190858476', '89038727391', '9301', '83'),
('84', 'Walter', 'Will', '8649282022', '89012086075', '5519', '84'),
('85', 'Neva', 'Schultz', '5539468927', '89043857205', '10959', '85'),
('86', 'Alverta', 'Rowe', '6320675486', '89087166585', '8231', '86'),
('87', 'Cordie', 'Murazik', '1257262649', '89027591336', '5530', '87'),
('88', 'Muriel', 'Conroy', '6363141727', '89012182518', '9615', '88'),
('89', 'Efren', 'Rath', '2407566128', '89099699761', '11385', '89'),
('90', 'Velma', 'Keebler', '4187105228', '89015309079', '9637', '90'),
('91', 'Brent', 'Keebler', '8583698193', '89069927703', '8833', '91'),
('92', 'Rachael', 'Runolfsdottir', '5972043052', '89032364226', '11024', '92'),
('93', 'Fay', 'Von', '7715475335', '89011400048', '7718', '93'),
('94', 'Shania', 'Stamm', '1475892943', '89014574138', '7127', '94'),
('95', 'Harvey', 'Rath', '5120370937', '89088046702', '11593', '95'),
('96', 'Lacey', 'White', '6594167612', '89073021593', '10454', '96'),
('97', 'Quinn', 'Hartmann', '6139449952', '89080316824', '8160', '97'),
('98', 'Kennedi', 'Wintheiser', '2817959786', '89019960692', '5007', '98'),
('99', 'Stefan', 'Turner', '4699092596', '89070798429', '5582', '99'),
('100', 'Lonie', 'Jakubowski', '6883973363', '89073178889', '11687', '100'),
('101', 'Benjamin', 'Schoen', '1363149658', '89035125094', '9787', '1'),
('102', 'Halle', 'Kautzer', '4146487699', '89014387513', '10251', '2'),
('103', 'Kristin', 'Balistreri', '3894478297', '89054258647', '10140', '3'),
('104', 'Ubaldo', 'Schmidt', '4696527873', '89036234785', '8907', '4'),
('105', 'Amina', 'Feeney', '7571963421', '89027236373', '11323', '5'),
('106', 'Ebony', 'Macejkovic', '7940429249', '89057873129', '10507', '6'),
('107', 'Loma', 'Barton', '4943825859', '89086157816', '10901', '7'),
('108', 'Dina', 'Torp', '3158540097', '89077056482', '8773', '8'),
('109', 'Flavie', 'Kuhlman', '4094813764', '89031387135', '9848', '9'),
('110', 'Holden', 'McCullough', '7219058824', '89033458982', '11700', '10'),
('111', 'Rusty', 'Dibbert', '4782693232', '89053241565', '11917', '11'),
('112', 'Karina', 'Jones', '2906547599', '89080612979', '10603', '12'),
('113', 'Carmelo', 'Rowe', '9602752788', '89090680260', '9253', '13'),
('114', 'Sonya', 'Lubowitz', '6626474694', '89079756098', '6651', '14'),
('115', 'Twila', 'Dach', '193871977', '89025393952', '7852', '15'),
('116', 'Giovanny', 'Roob', '4045550125', '89048623924', '6755', '16'),
('117', 'Katrine', 'Boyle', '6904433607', '89077870180', '10567', '17'),
('118', 'Roderick', 'Hills', '8403412425', '89042853894', '8253', '18'),
('119', 'Ansel', 'Hayes', '7466592062', '89071416600', '10065', '19'),
('120', 'Dewayne', 'Von', '412023184', '89021126455', '6739', '20'),
('121', 'Magnolia', 'Zieme', '8203522521', '89027848592', '10113', '21'),
('122', 'Lauryn', 'Raynor', '6788486368', '89085759363', '10037', '22'),
('123', 'Yoshiko', 'Nikolaus', '1286888370', '89016978377', '8800', '23'),
('124', 'Stacey', 'Stracke', '1539713629', '89066594264', '9414', '24'),
('125', 'Wade', 'Mayert', '8115537776', '89012908802', '5616', '25'),
('126', 'Glennie', 'Stoltenberg', '5833186544', '89096083568', '10675', '26'),
('127', 'Jamar', 'Doyle', '787162874', '89064288721', '8750', '27'),
('128', 'Hailee', 'Wolff', '8919924381', '89016355887', '9207', '28'),
('129', 'Johathan', 'Hane', '1055054358', '89035199622', '7364', '29'),
('130', 'Ole', 'Swaniawski', '22671763', '89018057945', '9895', '30'),
('131', 'Ashtyn', 'Vandervort', '2309909091', '89020936881', '11415', '31'),
('132', 'Amalia', 'Doyle', '7602506550', '89094799513', '7812', '32'),
('133', 'Jessika', 'Deckow', '5121496432', '89015347248', '7766', '33'),
('134', 'Troy', 'Hagenes', '4266491449', '89045423538', '7813', '34'),
('135', 'Mckayla', 'Douglas', '6538170590', '89054855314', '6706', '35'),
('136', 'Margot', 'Zulauf', '209267349', '89018778154', '5153', '36'),
('137', 'Aletha', 'Emard', '2442246885', '89084376361', '7931', '37'),
('138', 'Mohammad', 'Murphy', '9117545094', '89019030553', '6977', '38'),
('139', 'Hester', 'Stamm', '8884376934', '89099814240', '9869', '39'),
('140', 'Arthur', 'Bradtke', '9491277085', '89045792950', '7534', '40'),
('141', 'Otilia', 'Legros', '6185304681', '89090069176', '5906', '41'),
('142', 'Ellis', 'Wehner', '1461520908', '89047681006', '6684', '42'),
('143', 'Xavier', 'Gislason', '1553029796', '89084238703', '8664', '43'),
('144', 'Jarrod', 'Shanahan', '9930388969', '89094062267', '10509', '44'),
('145', 'Jeremy', 'Koch', '9987511462', '89033585907', '6101', '45'),
('146', 'Vergie', 'Sauer', '7120536542', '89032118182', '10608', '46'),
('147', 'Avis', 'Will', '7174272053', '89097722758', '11135', '47'),
('148', 'Kelsi', 'Mann', '1590843578', '89055034537', '10281', '48'),
('149', 'Itzel', 'Douglas', '3031630470', '89078265128', '6316', '49'),
('150', 'Chris', 'Waters', '2644517850', '89062776043', '5832', '50'),
('151', 'Jalyn', 'Nolan', '9579486521', '89098913576', '10503', '51'),
('152', 'Marguerite', 'Kiehn', '3892607484', '89047690475', '9111', '52'),
('153', 'Donald', 'Johnston', '9342626920', '89063157954', '11973', '53'),
('154', 'Royce', 'Kling', '2435471849', '89054633703', '11015', '54'),
('155', 'Edison', 'Romaguera', '7218800848', '89090837932', '5928', '55'),
('156', 'Johnnie', 'Bailey', '8556084400', '89034023389', '9856', '56'),
('157', 'Chaya', 'Armstrong', '6923826677', '89015542258', '7771', '57'),
('158', 'Francis', 'Thompson', '1792404428', '89073955025', '10499', '58'),
('159', 'Colt', 'Durgan', '6941908556', '89060115600', '5833', '59'),
('160', 'Brain', 'Windler', '9798242789', '89020982392', '9689', '60'),
('161', 'Bianka', 'Trantow', '712824860', '89081845307', '8181', '61'),
('162', 'Cole', 'Hagenes', '5452605188', '89097717010', '9614', '62'),
('163', 'Ola', 'Wolff', '4908354208', '89075769878', '11585', '63'),
('164', 'Kari', 'Vandervort', '3556056582', '89040923428', '5881', '64'),
('165', 'Shawn', 'Schmitt', '9002694725', '89020679907', '9559', '65'),
('166', 'Noemi', 'Nicolas', '1608559625', '89040446921', '6250', '66'),
('167', 'Kayleigh', 'Kuphal', '8971743243', '89066444318', '9059', '67'),
('168', 'Cassandre', 'Runolfsson', '988205942', '89010722124', '7881', '68'),
('169', 'Rory', 'Rutherford', '3538025851', '89038257474', '8748', '69'),
('170', 'Ladarius', 'Padberg', '6475505722', '89087904688', '5806', '70'),
('171', 'Jasen', 'Rowe', '3362104008', '89097721364', '10613', '71'),
('172', 'Darrel', 'Stokes', '9018667214', '89013590110', '11166', '72'),
('173', 'Lacy', 'Pacocha', '7665654178', '89040156505', '7285', '73'),
('174', 'Ida', 'Spencer', '7747252825', '89062680614', '10042', '74'),
('175', 'Devyn', 'Olson', '8764495183', '89010802897', '7568', '75'),
('176', 'Ara', 'Gislason', '8055404108', '89028495414', '5543', '76'),
('177', 'Sincere', 'Hahn', '7968445280', '89089601449', '7681', '77'),
('178', 'Fritz', 'Jerde', '4385165582', '89050073760', '6031', '78'),
('179', 'Syble', 'Mayert', '8235944630', '89055929506', '10666', '79'),
('180', 'Jacklyn', 'Kling', '6632386762', '89062905086', '11947', '80'),
('181', 'Bill', 'Lemke', '4230214297', '89063138937', '6903', '81'),
('182', 'Candido', 'Considine', '5430967323', '89098531362', '7629', '82'),
('183', 'Charity', 'Koch', '3203154286', '89059534577', '8052', '83'),
('184', 'Garret', 'Grady', '4148649918', '89098314993', '6545', '84'),
('185', 'Tre', 'Hamill', '7175583304', '89013782907', '5632', '85'),
('186', 'Felipe', 'Kautzer', '6724462216', '89069817256', '6201', '86'),
('187', 'Macie', 'Windler', '6679361984', '89094232765', '8628', '87'),
('188', 'Reyna', 'Mante', '2647291664', '89085230609', '7173', '88'),
('189', 'Melvin', 'Wilderman', '9440012686', '89080207291', '9304', '89'),
('190', 'Hillard', 'VonRueden', '3596825707', '89021688871', '11540', '90'),
('191', 'Jaylin', 'Pfannerstill', '9799699042', '89089521780', '8128', '91'),
('192', 'Forrest', 'Lubowitz', '9771316763', '89029696911', '10937', '92'),
('193', 'Wilfredo', 'Gutkowski', '3412925275', '89046310378', '9022', '93'),
('194', 'Emile', 'Spencer', '3782622051', '89057702337', '8752', '94'),
('195', 'Ed', 'West', '1010926101', '89043148980', '8821', '95'),
('196', 'Amir', 'Hamill', '6298534041', '89014817119', '9963', '96'),
('197', 'Travon', 'Eichmann', '3679356929', '89039544614', '6402', '97'),
('198', 'Asia', 'Nienow', '2132811779', '89033064803', '7286', '98'),
('199', 'Margarita', 'Beer', '2392256083', '89077575842', '11121', '99'),
('200', 'Daija', 'Johnston', '4202538910', '89015312296', '5053', '100'),
('201', 'Rosalinda', 'Eichmann', '1046246458', '89033668786', '11422', '1'),
('202', 'Roselyn', 'Blanda', '3394694836', '89075967578', '11561', '2'),
('203', 'Neal', 'Schamberger', '1851608609', '89029145801', '6860', '3'),
('204', 'Sylvia', 'Wilderman', '8136363811', '89047912100', '11882', '4'),
('205', 'Bud', 'Yost', '5349832321', '89018958751', '7522', '5'),
('206', 'Jan', 'Thiel', '6850956795', '89068593967', '11622', '6'),
('207', 'Maria', 'McCullough', '1356731458', '89093405643', '5851', '7'),
('208', 'Weston', 'Turcotte', '1201975798', '89014060292', '7250', '8'),
('209', 'Miracle', 'Kertzmann', '5097492067', '89038325540', '5732', '9'),
('210', 'Era', 'Spencer', '4606295391', '89058341489', '10016', '10'),
('211', 'Troy', 'Greenholt', '4315175810', '89079732388', '5635', '11'),
('212', 'Garnet', 'Wilderman', '4839960849', '89092392433', '6718', '12'),
('213', 'Rashawn', 'Stracke', '7406999632', '89065668442', '8058', '13'),
('214', 'Mertie', 'Zieme', '9891463760', '89014448756', '8059', '14'),
('215', 'Filiberto', 'Shanahan', '3500806890', '89055492306', '10550', '15'),
('216', 'Jerrod', 'Williamson', '3074516249', '89021813082', '8150', '16'),
('217', 'Audreanne', 'Huels', '6749657565', '89056649611', '6538', '17'),
('218', 'Estevan', 'Hills', '6702308128', '89067487208', '7799', '18'),
('219', 'Cathrine', 'Kuvalis', '3739976930', '89054167117', '5653', '19'),
('220', 'Enid', 'Witting', '4012574158', '89099658018', '9808', '20'),
('221', 'Sienna', 'Casper', '9888327536', '89057329916', '7987', '21'),
('222', 'Erna', 'Mitchell', '7870898787', '89084705609', '6515', '22'),
('223', 'Cydney', 'Abshire', '5688943909', '89031005666', '8212', '23'),
('224', 'Trace', 'Wiegand', '4108993784', '89034945528', '10497', '24'),
('225', 'Lucile', 'Larson', '288084667', '89031969673', '11989', '25'),
('226', 'Zoe', 'Stamm', '3418608201', '89087933205', '11157', '26'),
('227', 'Deondre', 'Shields', '3496597591', '89049235390', '9906', '27'),
('228', 'Steve', 'Kertzmann', '3428727202', '89082103394', '7623', '28'),
('229', 'Roderick', 'Auer', '7657043677', '89089787536', '5909', '29'),
('230', 'Katelyn', 'Sauer', '7683315291', '89063473140', '8109', '30'),
('231', 'Bart', 'Cummings', '8277731891', '89017963774', '9855', '31'),
('232', 'Zelma', 'Kautzer', '7365197041', '89066082194', '7969', '32'),
('233', 'Maryjane', 'Barrows', '1835945915', '89051858118', '11903', '33'),
('234', 'Benedict', 'Gaylord', '3816325525', '89085051716', '8557', '34'),
('235', 'Demario', 'Stark', '4545597620', '89090825588', '11024', '35'),
('236', 'Maymie', 'Macejkovic', '1051517502', '89013736093', '7844', '36'),
('237', 'Rocio', 'Krajcik', '6304481490', '89078997411', '11258', '37'),
('238', 'Cale', 'Schmidt', '567996358', '89088473704', '11427', '38'),
('239', 'Tomasa', 'Waters', '1482082149', '89091228005', '7842', '39'),
('240', 'Letitia', 'Robel', '3063049196', '89069002714', '10522', '40'),
('241', 'Irving', 'Bechtelar', '5631574318', '89034064095', '8022', '41'),
('242', 'Rick', 'Lehner', '8872215380', '89038334055', '6192', '42'),
('243', 'Arne', 'McLaughlin', '5367438374', '89011270903', '7818', '43'),
('244', 'Brody', 'Batz', '6605339744', '89060319456', '9994', '44'),
('245', 'Elvis', 'Cruickshank', '851192871', '89021354144', '6109', '45'),
('246', 'Garry', 'Christiansen', '3516433248', '89032252931', '7120', '46'),
('247', 'Anna', 'Crooks', '4026926295', '89046666183', '7238', '47'),
('248', 'Wilber', 'Heathcote', '8290607421', '89074029682', '9545', '48'),
('249', 'Elta', 'Conroy', '6911363024', '89033217183', '6586', '49'),
('250', 'Pasquale', 'Langosh', '3062420790', '89068877889', '11938', '50'),
('251', 'Darron', 'Jacobs', '1529369997', '89086091345', '9686', '51'),
('252', 'Jena', 'McDermott', '9975759531', '89043618860', '9588', '52'),
('253', 'Dariana', 'Vandervort', '2757437197', '89018837577', '7317', '53'),
('254', 'Monica', 'Considine', '7081920872', '89041427271', '8448', '54'),
('255', 'Darlene', 'Corwin', '1056783661', '89073632992', '6909', '55'),
('256', 'Sam', 'King', '3588545448', '89029722135', '6669', '56'),
('257', 'Mack', 'Blick', '2602139809', '89024167991', '10787', '57'),
('258', 'Alexandra', 'Parker', '8978512799', '89024140883', '6359', '58'),
('259', 'Carolanne', 'Bauch', '2371986630', '89032937354', '5008', '59'),
('260', 'Stella', 'Durgan', '8783240416', '89081004108', '5959', '60'),
('261', 'Rogers', 'Nikolaus', '3718856992', '89030257276', '9484', '61'),
('262', 'Grover', 'Glover', '9915586765', '89030334389', '7764', '62'),
('263', 'Yvonne', 'Yost', '8778361026', '89036247254', '8658', '63'),
('264', 'Sophie', 'Kub', '735501484', '89044308432', '9828', '64'),
('265', 'Garret', 'Kohler', '109480802', '89012273832', '8615', '65'),
('266', 'Dorthy', 'Rohan', '1964786006', '89011499446', '7394', '66'),
('267', 'Missouri', 'Grimes', '1189720044', '89022569704', '7211', '67'),
('268', 'Saul', 'Gulgowski', '1643150007', '89077266211', '10703', '68'),
('269', 'Buster', 'Nader', '2908171113', '89057497458', '11838', '69'),
('270', 'Candice', 'Mante', '8620363976', '89018760841', '8370', '70'),
('271', 'Rigoberto', 'Hermiston', '7293721935', '89061079918', '11403', '71'),
('272', 'Marisol', 'Veum', '1732993345', '89053688744', '6625', '72'),
('273', 'Mayra', 'Walker', '8645903086', '89051417111', '9784', '73'),
('274', 'Johnny', 'Kerluke', '5639939997', '89015723509', '10230', '74'),
('275', 'Vena', 'Weimann', '2728491314', '89033774593', '11010', '75'),
('276', 'Giles', 'Rodriguez', '3557954068', '89071720797', '10161', '76'),
('277', 'Meghan', 'Jerde', '8806241480', '89030942774', '5744', '77'),
('278', 'Rebeka', 'Becker', '4719343041', '89097255959', '5764', '78'),
('279', 'Gudrun', 'Franecki', '1745062666', '89050593894', '9553', '79'),
('280', 'Beryl', 'Kiehn', '6823127167', '89032164602', '11033', '80'),
('281', 'Ellie', 'Wilkinson', '623171241', '89073437388', '9771', '81'),
('282', 'Lauryn', 'Bruen', '9686412140', '89017995628', '7499', '82'),
('283', 'Perry', 'Klocko', '7440746608', '89030148706', '6239', '83'),
('284', 'Antonia', 'Lehner', '1678415952', '89043670374', '8279', '84'),
('285', 'Lilly', 'Block', '650954191', '89068435965', '6734', '85'),
('286', 'Kaylah', 'Kuphal', '4475911986', '89028280265', '5592', '86'),
('287', 'Layla', 'O\'Keefe', '6653382303', '89052451128', '11170', '87'),
('288', 'Jeffrey', 'O\'Hara', '552158002', '89096410453', '7832', '88'),
('289', 'Corine', 'Schowalter', '2823323426', '89037439690', '10822', '89'),
('290', 'Felicita', 'Mayer', '451579402', '89078631463', '11261', '90'),
('291', 'Savion', 'Hackett', '7145749619', '89016429532', '6715', '91'),
('292', 'Asa', 'Bahringer', '3352567349', '89039212490', '10165', '92'),
('293', 'Margarita', 'Barrows', '246666102', '89023642267', '10895', '93'),
('294', 'Aditya', 'Cole', '4123421148', '89011497494', '6546', '94'),
('295', 'Cassidy', 'Ziemann', '8203292628', '89022899890', '8883', '95'),
('296', 'Lorna', 'Koepp', '4250257150', '89090499682', '11847', '96'),
('297', 'Jordy', 'Hahn', '8639001813', '89023643063', '6309', '97'),
('298', 'Frida', 'Gerlach', '4061744008', '89025752381', '10245', '98'),
('299', 'Rudy', 'Schuppe', '1138433759', '89037629038', '11674', '99'),
('300', 'Marietta', 'Kunze', '8628650051', '89018460419', '6644', '100'),
('301', 'Vernie', 'Cummerata', '3821298382', '89049612644', '5776', '1'),
('302', 'Louvenia', 'Schroeder', '2690888192', '89029049447', '5312', '2'),
('303', 'Maximo', 'Mraz', '3826213325', '89072311940', '8995', '3'),
('304', 'Drake', 'Leffler', '4063141258', '89067857286', '11313', '4'),
('305', 'Elias', 'Schumm', '4950572574', '89093323516', '11427', '5'),
('306', 'Hanna', 'Hettinger', '4504622109', '89039308621', '11731', '6'),
('307', 'Kristoffer', 'Abbott', '5261219675', '89051362584', '7257', '7'),
('308', 'Burnice', 'Cole', '6168260756', '89016572954', '11873', '8'),
('309', 'Kurt', 'Luettgen', '7969779037', '89010984024', '5915', '9'),
('310', 'Kamren', 'Farrell', '8517080461', '89099525360', '5270', '10'),
('311', 'Adelbert', 'Quigley', '4526887797', '89094743248', '10815', '11'),
('312', 'Rosie', 'Effertz', '8526069587', '89069678799', '8596', '12'),
('313', 'Layla', 'Farrell', '7663167324', '89011759181', '8563', '13'),
('314', 'Jess', 'O\'Keefe', '271729036', '89051521543', '11439', '14'),
('315', 'Tyson', 'Morissette', '8954486069', '89040818085', '6288', '15'),
('316', 'Flavio', 'Tromp', '3007941093', '89055467078', '10102', '16'),
('317', 'Crystel', 'Kunde', '6572247213', '89010500367', '7661', '17'),
('318', 'Rosamond', 'Hagenes', '9583404730', '89030138503', '10161', '18'),
('319', 'Kassandra', 'Carter', '3190219896', '89012598251', '7403', '19'),
('320', 'Zelda', 'Monahan', '4380476098', '89024148463', '7212', '20'),
('321', 'Ivah', 'Hodkiewicz', '3884040285', '89036719629', '6548', '21'),
('322', 'Johan', 'Glover', '8089027740', '89088969924', '5051', '22'),
('323', 'Elfrieda', 'Denesik', '65495270', '89052306699', '7744', '23'),
('324', 'Adalberto', 'Daniel', '6216224204', '89069348054', '9588', '24'),
('325', 'Adrienne', 'Waelchi', '7208031006', '89089193300', '10229', '25'),
('326', 'Damaris', 'Jones', '3473479087', '89042466393', '11643', '26'),
('327', 'Jamaal', 'Sanford', '3448952274', '89048900671', '7573', '27'),
('328', 'Casper', 'Lesch', '3954564985', '89098125345', '5574', '28'),
('329', 'Yasmin', 'Kovacek', '5285037677', '89084375878', '7829', '29'),
('330', 'Ramon', 'Ondricka', '8730931198', '89082396256', '9234', '30'),
('331', 'Koby', 'Nolan', '3899465040', '89056461402', '6106', '31'),
('332', 'Aiden', 'Howe', '9003412188', '89064305607', '7175', '32'),
('333', 'Rashawn', 'Heller', '9557717675', '89060889779', '10720', '33'),
('334', 'Raven', 'Feeney', '5262996922', '89067664203', '7453', '34'),
('335', 'Gilbert', 'Homenick', '191162336', '89051282637', '5481', '35'),
('336', 'Cheyanne', 'Olson', '3855258632', '89086496006', '10440', '36'),
('337', 'Joanie', 'Bayer', '8447958799', '89087808025', '10010', '37'),
('338', 'Kayleigh', 'Watsica', '6130529516', '89080083570', '5773', '38'),
('339', 'Adela', 'Anderson', '3657947690', '89031568755', '7433', '39'),
('340', 'Crystal', 'Grant', '848202133', '89054704249', '6538', '40'),
('341', 'Adaline', 'Labadie', '4497351055', '89011424896', '9092', '41'),
('342', 'Carson', 'Runolfsson', '4765389897', '89097881357', '6097', '42'),
('343', 'Judah', 'Jerde', '5264945794', '89024522292', '8070', '43'),
('344', 'Hudson', 'Johnson', '1566015804', '89050547330', '9395', '44'),
('345', 'Stone', 'Langworth', '3144777045', '89045193552', '7249', '45'),
('346', 'Russel', 'Green', '704284707', '89037641171', '6773', '46'),
('347', 'Orlando', 'Littel', '6993162040', '89016515203', '10888', '47'),
('348', 'Retta', 'Rohan', '3969148789', '89030393720', '11122', '48'),
('349', 'Beth', 'Rath', '1352381991', '89044680967', '9408', '49'),
('350', 'Trever', 'Williamson', '21672473', '89045624563', '6964', '50'),
('351', 'Abby', 'Goldner', '6273076068', '89053712880', '9452', '51'),
('352', 'Travis', 'Gutmann', '7967183012', '89039249860', '8900', '52'),
('353', 'Isabelle', 'Harvey', '7088330472', '89082502553', '9798', '53'),
('354', 'Fritz', 'Tromp', '4683629125', '89080533105', '7258', '54'),
('355', 'Dion', 'Koss', '650415258', '89048460245', '7603', '55'),
('356', 'Lela', 'Wiza', '4344293890', '89011311952', '7690', '56'),
('357', 'Mollie', 'Gutkowski', '696534133', '89038741884', '9434', '57'),
('358', 'Uriel', 'Johnson', '6749980221', '89050952746', '9111', '58'),
('359', 'Gaston', 'Monahan', '1890468188', '89015972985', '9099', '59'),
('360', 'Florian', 'Emmerich', '279301503', '89064822373', '9928', '60'),
('361', 'Chelsie', 'Smitham', '9394713896', '89093347564', '10953', '61'),
('362', 'Ebba', 'Zieme', '623781132', '89068985210', '8737', '62'),
('363', 'Eula', 'Turner', '8056461331', '89027106924', '7326', '63'),
('364', 'Christian', 'Hermann', '2816303079', '89016791857', '5163', '64'),
('365', 'Clifford', 'Fritsch', '3952691769', '89035427035', '6933', '65'),
('366', 'Gabriella', 'Goldner', '1511458084', '89015216587', '6739', '66'),
('367', 'Helga', 'McCullough', '1988606784', '89081817535', '8593', '67'),
('368', 'Toy', 'Schroeder', '3272153633', '89018684909', '6357', '68'),
('369', 'Beatrice', 'Barton', '918414998', '89081462339', '11814', '69'),
('370', 'Darron', 'O\'Keefe', '6335612633', '89098687972', '11417', '70'),
('371', 'Isabelle', 'Towne', '4797733589', '89029268772', '10113', '71'),
('372', 'Enid', 'Pouros', '6416583601', '89090224080', '7546', '72'),
('373', 'Nestor', 'Jaskolski', '2622390320', '89069286318', '8633', '73'),
('374', 'Hilma', 'Connelly', '2574575492', '89090489047', '9113', '74'),
('375', 'Maurice', 'Dickinson', '3096090448', '89088265465', '9568', '75'),
('376', 'Raheem', 'Heathcote', '9518027384', '89060678803', '5101', '76'),
('377', 'Lester', 'Hoppe', '6188425636', '89073011932', '11688', '77'),
('378', 'Luis', 'Witting', '997487316', '89067776047', '10792', '78'),
('379', 'Jacklyn', 'Hayes', '7267332054', '89035600308', '9558', '79'),
('380', 'Jonatan', 'Torphy', '2191483202', '89090473754', '8712', '80'),
('381', 'Lauren', 'Waelchi', '6657400168', '89037271016', '7577', '81'),
('382', 'Dewayne', 'West', '5932579436', '89056689684', '7967', '82'),
('383', 'Vella', 'McLaughlin', '4021181972', '89056929128', '11298', '83'),
('384', 'Cassidy', 'Anderson', '9155234191', '89045491527', '6193', '84'),
('385', 'Nasir', 'Ullrich', '326741585', '89018687510', '11150', '85'),
('386', 'Leatha', 'Schmitt', '1639913186', '89096894492', '7003', '86'),
('387', 'Vernie', 'Little', '4150340241', '89023772941', '7143', '87'),
('388', 'Georgette', 'Lowe', '7157504409', '89074892751', '5738', '88'),
('389', 'Weston', 'Hansen', '2134777322', '89042751989', '8773', '89'),
('390', 'Simeon', 'Welch', '7452130434', '89019740816', '5762', '90'),
('391', 'Kayley', 'Kilback', '1725761528', '89029657017', '8171', '91'),
('392', 'Consuelo', 'Pagac', '4623265588', '89024074667', '5247', '92'),
('393', 'Herminia', 'Senger', '5133905206', '89058171157', '5247', '93'),
('394', 'Meda', 'Altenwerth', '6587468525', '89038685279', '5022', '94'),
('395', 'Braulio', 'Klein', '2249840256', '89052312831', '5598', '95'),
('396', 'Harvey', 'Kirlin', '2628495055', '89025738845', '9491', '96'),
('397', 'Jaylan', 'Dickinson', '6140780882', '89037423701', '10700', '97'),
('398', 'Elvera', 'Wisozk', '5980893592', '89071628447', '11270', '98'),
('399', 'Lillie', 'Huels', '4813592494', '89096340513', '10612', '99'),
('400', 'Delia', 'Hauck', '3591795010', '89057829880', '8217', '100'),
('401', 'Maritza', 'Reichert', '8420174429', '89073065615', '10524', '1'),
('402', 'Claudie', 'Thiel', '6072463356', '89072735039', '5332', '2'),
('403', 'Ellen', 'Wehner', '4414170832', '89017999328', '10749', '3'),
('404', 'Claudie', 'Pfannerstill', '5156093887', '89095856190', '7593', '4'),
('405', 'Lucious', 'Mayert', '7883848678', '89084860966', '11358', '5'),
('406', 'Peggie', 'Morissette', '3666104744', '89053172801', '7939', '6'),
('407', 'Megane', 'Raynor', '3316326584', '89097595364', '10109', '7'),
('408', 'Ali', 'Hermiston', '8973795306', '89091767810', '6475', '8'),
('409', 'Thea', 'Treutel', '1523886174', '89090928379', '10807', '9'),
('410', 'Rudy', 'Rath', '5199741814', '89053084754', '10551', '10'),
('411', 'Paxton', 'Breitenberg', '5208408455', '89044954958', '5623', '11'),
('412', 'Ima', 'Cremin', '2591252537', '89082529850', '11446', '12'),
('413', 'Gaylord', 'Zulauf', '863325010', '89051034942', '10128', '13'),
('414', 'Sherwood', 'Ledner', '5738427397', '89069940802', '7654', '14'),
('415', 'Jonathon', 'Brown', '6692662337', '89054449397', '10337', '15'),
('416', 'Diana', 'Larson', '8561818124', '89080539979', '11148', '16'),
('417', 'Ted', 'Raynor', '6284364620', '89034603189', '11644', '17'),
('418', 'Rosalyn', 'Langworth', '6919241752', '89091011017', '9820', '18'),
('419', 'David', 'Hahn', '8085839441', '89094249240', '10453', '19'),
('420', 'Reuben', 'Gerhold', '8155802162', '89073036372', '8707', '20'),
('421', 'Cleta', 'Kuhic', '8177210823', '89028454448', '5511', '21'),
('422', 'Regan', 'D\'Amore', '3936118190', '89070028712', '10555', '22'),
('423', 'Mayra', 'Marvin', '2122507911', '89013757887', '8477', '23'),
('424', 'Filiberto', 'Nitzsche', '4673141297', '89082894219', '6485', '24'),
('425', 'Tyler', 'Zemlak', '1707106238', '89034507113', '11251', '25'),
('426', 'Kristofer', 'Breitenberg', '5698607471', '89011724664', '10266', '26'),
('427', 'Demetris', 'Halvorson', '4371805899', '89074088951', '11134', '27'),
('428', 'Arden', 'Leannon', '1307160650', '89081986131', '7165', '28'),
('429', 'Chanel', 'Dach', '3777617430', '89093764342', '5900', '29'),
('430', 'Kayden', 'Flatley', '6767430804', '89064084574', '11264', '30'),
('431', 'Simone', 'Wisoky', '6542483326', '89031518053', '8199', '31'),
('432', 'Garry', 'Heathcote', '5362972775', '89099952694', '11793', '32'),
('433', 'Amelie', 'Herman', '9986262116', '89090525592', '10909', '33'),
('434', 'Muhammad', 'Heidenreich', '3466583295', '89024571465', '6027', '34'),
('435', 'Dorothea', 'Schneider', '2582895328', '89020551555', '10215', '35'),
('436', 'Dejon', 'Beatty', '37796256', '89058020916', '5321', '36'),
('437', 'Hortense', 'Mosciski', '2454879605', '89015282257', '10650', '37'),
('438', 'Creola', 'Blick', '4424294210', '89019305709', '8411', '38'),
('439', 'Beryl', 'McLaughlin', '1234790683', '89063217373', '10667', '39'),
('440', 'Brielle', 'Kris', '7072366024', '89089984696', '7740', '40'),
('441', 'Ellis', 'Hegmann', '1559746634', '89018036705', '8638', '41'),
('442', 'Savanah', 'Kilback', '8414093940', '89058220163', '8835', '42'),
('443', 'Alaina', 'Lebsack', '279368037', '89013014972', '8544', '43'),
('444', 'Aubree', 'Grady', '4613417750', '89088742663', '7200', '44'),
('445', 'Abigale', 'Kunze', '3566645333', '89032206466', '5188', '45'),
('446', 'Keith', 'Harvey', '8784320927', '89015184163', '9886', '46'),
('447', 'Owen', 'Bednar', '877080025', '89027238818', '9893', '47'),
('448', 'Imelda', 'Fay', '2495955616', '89092763849', '11828', '48'),
('449', 'Devonte', 'Nitzsche', '2148909602', '89033299368', '8841', '49'),
('450', 'Tanya', 'Hahn', '6714247982', '89088780201', '11735', '50'),
('451', 'Justus', 'Towne', '6265421561', '89038198153', '10837', '51'),
('452', 'Bailee', 'Daugherty', '6653321818', '89050787094', '10617', '52'),
('453', 'Rubye', 'Erdman', '8896968108', '89084473626', '7024', '53'),
('454', 'Dorothea', 'Hartmann', '5181240537', '89042559921', '5271', '54'),
('455', 'Deon', 'Maggio', '3278794284', '89078890218', '8860', '55'),
('456', 'Eladio', 'Rippin', '2999158167', '89038831250', '10645', '56'),
('457', 'Tyler', 'Reilly', '5392161920', '89097503754', '8022', '57'),
('458', 'Adrien', 'Lind', '1693816576', '89066091360', '10339', '58'),
('459', 'Meagan', 'McCullough', '7000155914', '89071892387', '8177', '59'),
('460', 'Amos', 'Effertz', '4266453371', '89048220395', '10563', '60'),
('461', 'Caleigh', 'Langosh', '2459618263', '89036933399', '9028', '61'),
('462', 'Macy', 'Breitenberg', '5215493455', '89042827404', '9140', '62'),
('463', 'Katrine', 'O\'Hara', '1313383594', '89076524770', '7885', '63'),
('464', 'Lois', 'Dickens', '9392353231', '89085380563', '5731', '64'),
('465', 'Dorothea', 'Oberbrunner', '9537464627', '89091906257', '11312', '65'),
('466', 'Pietro', 'Halvorson', '605286919', '89033336368', '5809', '66'),
('467', 'Elise', 'Lesch', '5834396188', '89045991219', '5624', '67'),
('468', 'Sedrick', 'Kuphal', '4297742145', '89081060283', '7378', '68'),
('469', 'Carlie', 'Jacobson', '7944164877', '89067909405', '6984', '69'),
('470', 'Taurean', 'Raynor', '6863778275', '89060967541', '9020', '70'),
('471', 'Kurt', 'Dicki', '4881045236', '89051854874', '9308', '71'),
('472', 'Boyd', 'Gerlach', '8913961737', '89099630909', '8867', '72'),
('473', 'Dagmar', 'Reilly', '8846627660', '89057855884', '8999', '73'),
('474', 'Vincenza', 'Predovic', '9691032301', '89057245599', '5523', '74'),
('475', 'Carolina', 'Macejkovic', '6525296406', '89055926283', '10262', '75'),
('476', 'Marty', 'Schmidt', '5560759036', '89058799518', '10843', '76'),
('477', 'Shanny', 'Ernser', '5452844747', '89032044230', '5925', '77'),
('478', 'Camden', 'Tromp', '4877896733', '89022913878', '7676', '78'),
('479', 'Kevin', 'Pagac', '5437742141', '89068820800', '7561', '79'),
('480', 'Alta', 'Ward', '2861937499', '89095409116', '8469', '80'),
('481', 'Joshua', 'Osinski', '5905484990', '89047892016', '7708', '81'),
('482', 'Eladio', 'Farrell', '2254636488', '89067662207', '7754', '82'),
('483', 'Alek', 'Harvey', '3913385617', '89040117406', '6734', '83'),
('484', 'Vivian', 'O\'Kon', '1566524129', '89094304817', '6773', '84'),
('485', 'Alexie', 'Smith', '2176381820', '89047548690', '5390', '85'),
('486', 'Jany', 'Bode', '7185809724', '89036924060', '7811', '86'),
('487', 'Will', 'Kautzer', '584619064', '89019981924', '5425', '87'),
('488', 'Mittie', 'Corwin', '4070683536', '89022898279', '6907', '88'),
('489', 'Raymundo', 'Schmeler', '2938202890', '89096522242', '5607', '89'),
('490', 'Elmira', 'DuBuque', '3634365490', '89031959432', '8393', '90'),
('491', 'Hyman', 'Hoppe', '5114761433', '89091525235', '11879', '91'),
('492', 'Zoie', 'Koelpin', '1549927588', '89042616013', '5575', '92'),
('493', 'Makayla', 'Steuber', '4940469852', '89038709403', '10980', '93'),
('494', 'Vinnie', 'Waters', '4797750777', '89068382917', '5769', '94'),
('495', 'Alf', 'Greenholt', '6725415005', '89037695834', '5685', '95'),
('496', 'Ima', 'Jakubowski', '6345178368', '89064820659', '8734', '96'),
('497', 'Chris', 'Kulas', '5712109697', '89092044815', '5498', '97'),
('498', 'Alexandria', 'Farrell', '1509179897', '89044210919', '8970', '98'),
('499', 'Linnea', 'Miller', '3563784706', '89066754217', '7847', '99'),
('500', 'Jeffry', 'Donnelly', '8638654099', '89090116859', '6014', '100'),
('501', 'Karen', 'Bernhard', '461272942', '89046900144', '9959', '1'),
('502', 'Leonie', 'Cronin', '6580306855', '89071360658', '7063', '2'),
('503', 'Alexandre', 'Funk', '2791039865', '89091364796', '5291', '3'),
('504', 'Jack', 'Stokes', '7535672458', '89096371040', '10947', '4'),
('505', 'Junius', 'Gorczany', '9497275045', '89011763427', '11995', '5'),
('506', 'Carrie', 'Monahan', '3209403404', '89039958739', '9686', '6'),
('507', 'Eden', 'Dickens', '7163932216', '89035878593', '6791', '7'),
('508', 'Marty', 'Hackett', '2614728157', '89045381894', '7687', '8'),
('509', 'Lenna', 'Veum', '742477691', '89058834906', '7486', '9'),
('510', 'Elizabeth', 'Herzog', '3165603867', '89032374144', '8113', '10'),
('511', 'Eddie', 'Batz', '298877559', '89025994792', '9833', '11'),
('512', 'Nya', 'Murazik', '3433255516', '89078746128', '7447', '12'),
('513', 'Wanda', 'Lynch', '8186117010', '89067214955', '8720', '13'),
('514', 'Macey', 'Koelpin', '2487820261', '89034067228', '7309', '14'),
('515', 'Augustine', 'Ruecker', '2177795694', '89059635444', '5734', '15'),
('516', 'Camren', 'Jones', '3696059315', '89072592679', '9524', '16'),
('517', 'Enid', 'DuBuque', '5323886131', '89060289667', '10232', '17'),
('518', 'Jerald', 'Hamill', '4944532062', '89089398920', '5735', '18'),
('519', 'Flossie', 'Ruecker', '4815204828', '89052250853', '9224', '19'),
('520', 'Evans', 'Kerluke', '6051790635', '89054372796', '10006', '20'),
('521', 'Leanne', 'Keebler', '8100363994', '89018650003', '7482', '21'),
('522', 'Andy', 'Rutherford', '8264213046', '89051683070', '7280', '22'),
('523', 'Trent', 'Goldner', '8471010700', '89033253972', '8128', '23'),
('524', 'Enoch', 'Ledner', '4338698895', '89079484976', '8932', '24'),
('525', 'Dawn', 'Hodkiewicz', '8817129065', '89033413741', '10841', '25'),
('526', 'Colten', 'Lehner', '5514609152', '89071459255', '10431', '26'),
('527', 'Guiseppe', 'Swift', '3943363568', '89091340042', '11714', '27'),
('528', 'Jadon', 'Kris', '5509128342', '89094762302', '7863', '28'),
('529', 'Dejuan', 'Miller', '2816946344', '89020450046', '9677', '29'),
('530', 'Stephon', 'Barrows', '5887456443', '89096103649', '10757', '30'),
('531', 'Vern', 'Zemlak', '9837917913', '89061739392', '10553', '31'),
('532', 'Corrine', 'Goldner', '957105114', '89080921680', '8328', '32'),
('533', 'Emmy', 'Graham', '6039738185', '89045373652', '11714', '33'),
('534', 'Mabel', 'Ratke', '8634195081', '89027498418', '11736', '34'),
('535', 'Mariela', 'Franecki', '2336804685', '89073380252', '5382', '35'),
('536', 'Moshe', 'Lindgren', '5490317210', '89047281635', '5765', '36'),
('537', 'Christ', 'Goldner', '5950004328', '89026982750', '5688', '37'),
('538', 'Dixie', 'Legros', '5864984235', '89045092972', '5410', '38'),
('539', 'Ramona', 'Kovacek', '4756741179', '89049184363', '5962', '39'),
('540', 'Lucy', 'Kunde', '7210268536', '89075669762', '11091', '40'),
('541', 'Micaela', 'Labadie', '7592202881', '89065874084', '10839', '41'),
('542', 'Efrain', 'Stamm', '369214593', '89069292383', '11176', '42'),
('543', 'Salma', 'Kirlin', '8052807701', '89088712029', '6880', '43'),
('544', 'Cory', 'Denesik', '3078470389', '89037038564', '11227', '44'),
('545', 'Rosalinda', 'Wyman', '7788180071', '89045581607', '5658', '45'),
('546', 'Jessica', 'Schuster', '3080595299', '89047449062', '11991', '46'),
('547', 'Alexys', 'Lang', '3802294452', '89032288860', '7554', '47'),
('548', 'Chase', 'Hane', '2178717917', '89067787056', '11785', '48'),
('549', 'Urban', 'Price', '9572172556', '89090488539', '7625', '49'),
('550', 'Destini', 'Kuhic', '5881591546', '89074926541', '7308', '50'),
('551', 'Keshaun', 'Farrell', '4811396524', '89079892428', '5524', '51'),
('552', 'Maximus', 'Gislason', '867927080', '89035989511', '7273', '52'),
('553', 'Ryan', 'Heaney', '4394340883', '89044119265', '10282', '53'),
('554', 'Giovanna', 'Bayer', '9152384004', '89059183993', '11710', '54'),
('555', 'Lue', 'Jacobs', '8427684186', '89092982436', '8025', '55'),
('556', 'Adam', 'Nader', '109964479', '89079092797', '10413', '56'),
('557', 'Elissa', 'Koelpin', '4126109574', '89021512351', '10486', '57'),
('558', 'Heidi', 'Flatley', '4567892691', '89010641071', '8590', '58'),
('559', 'Ewald', 'Baumbach', '3455468384', '89064337477', '9706', '59'),
('560', 'Ubaldo', 'Hilpert', '5390730291', '89032746172', '8755', '60'),
('561', 'Otilia', 'Halvorson', '2129846216', '89043984023', '7721', '61'),
('562', 'Madisyn', 'Hoppe', '5599569227', '89014377301', '7676', '62'),
('563', 'Jacey', 'Kunze', '7788948156', '89030165914', '6144', '63'),
('564', 'Adalberto', 'Anderson', '7961473786', '89014869368', '7975', '64'),
('565', 'Nickolas', 'Bruen', '249345974', '89035067241', '5995', '65'),
('566', 'Jaden', 'Rutherford', '1329922453', '89053928119', '9211', '66'),
('567', 'Christophe', 'Windler', '2043739977', '89020958200', '7087', '67'),
('568', 'Bettye', 'Bartell', '2752678558', '89078556861', '8750', '68'),
('569', 'Julien', 'Spinka', '576803117', '89070228040', '11468', '69'),
('570', 'Marcella', 'Kris', '1098747771', '89015069689', '10465', '70'),
('571', 'Buster', 'Hintz', '185163012', '89010433324', '9562', '71'),
('572', 'Magnus', 'Hackett', '651491886', '89058616901', '5819', '72'),
('573', 'Clarissa', 'Breitenberg', '858893912', '89028866693', '8902', '73'),
('574', 'Clare', 'Cruickshank', '5652312543', '89016788437', '6621', '74'),
('575', 'Frankie', 'Marvin', '1183179780', '89012870467', '10718', '75'),
('576', 'Marjolaine', 'Rau', '4313968434', '89037700852', '6072', '76'),
('577', 'Arlie', 'Boyer', '9621180915', '89092648072', '10388', '77'),
('578', 'Amalia', 'Kozey', '3721248703', '89097326007', '11081', '78'),
('579', 'Camron', 'Rohan', '4305603313', '89042208823', '10147', '79'),
('580', 'Jackson', 'Lemke', '8719225986', '89092944293', '5061', '80'),
('581', 'Liam', 'Cremin', '7491944241', '89096136839', '5782', '81'),
('582', 'Vita', 'Rohan', '8017121432', '89019776197', '5734', '82'),
('583', 'Jena', 'Weber', '1931674299', '89016007056', '10753', '83'),
('584', 'Nathanael', 'Turcotte', '7178841163', '89064547194', '5625', '84'),
('585', 'Kendall', 'Strosin', '7503955862', '89062506063', '6138', '85'),
('586', 'Donna', 'Bayer', '1031355863', '89087954893', '11522', '86'),
('587', 'Lane', 'Flatley', '8998165177', '89013629422', '7786', '87'),
('588', 'Alena', 'Ritchie', '9315516096', '89095025953', '8547', '88'),
('589', 'Cheyanne', 'Gutmann', '5986988647', '89043439507', '10304', '89'),
('590', 'Alec', 'Koch', '6376584936', '89068580743', '11760', '90'),
('591', 'Ellie', 'Renner', '9274547007', '89049410972', '9049', '91'),
('592', 'Reymundo', 'Mueller', '2265679222', '89089611326', '5800', '92'),
('593', 'Justus', 'Koch', '7044358011', '89029435385', '10033', '93'),
('594', 'Alene', 'Stroman', '9549028081', '89038978472', '5090', '94'),
('595', 'Mauricio', 'Kautzer', '6935202093', '89076998534', '7098', '95'),
('596', 'Rico', 'Rodriguez', '2650634703', '89061655807', '7725', '96'),
('597', 'Elsie', 'Littel', '892692716', '89024392784', '8093', '97'),
('598', 'Melody', 'Lockman', '9596025613', '89019685131', '5034', '98'),
('599', 'Neva', 'Kozey', '5431482922', '89040358905', '8031', '99'),
('600', 'Rick', 'Carter', '2757016579', '89031849453', '8265', '100'),
('601', 'Jules', 'Bechtelar', '4097753135', '89035733468', '6482', '1'),
('602', 'Katharina', 'Mohr', '3845771747', '89049947654', '5261', '2'),
('603', 'Angelo', 'Collins', '9188017672', '89077240496', '8824', '3'),
('604', 'Marielle', 'Olson', '4839589153', '89049099572', '8661', '4'),
('605', 'Bartholome', 'Hayes', '5987710096', '89043852090', '6371', '5'),
('606', 'Chanel', 'Swaniawski', '558806309', '89040130625', '6474', '6'),
('607', 'Claud', 'Jones', '928422991', '89041297062', '7987', '7'),
('608', 'Gina', 'Balistreri', '9346852833', '89042155908', '11299', '8'),
('609', 'Izabella', 'Berge', '9759197519', '89038105652', '10741', '9'),
('610', 'Itzel', 'Kessler', '3619356952', '89022327408', '9815', '10'),
('611', 'Anita', 'Okuneva', '8549029640', '89063820293', '7254', '11'),
('612', 'Thurman', 'Daniel', '1927522552', '89089808956', '8572', '12'),
('613', 'Pierre', 'Predovic', '5865656128', '89044916123', '6966', '13'),
('614', 'Leon', 'Haag', '6262262952', '89016797554', '9857', '14'),
('615', 'Eugenia', 'Cummerata', '9314854089', '89095156382', '5682', '15'),
('616', 'Esta', 'Schroeder', '2083904720', '89064154266', '11595', '16'),
('617', 'Hoyt', 'Parisian', '1910413010', '89083585355', '8315', '17'),
('618', 'Elaina', 'Doyle', '1032257490', '89062665037', '9604', '18'),
('619', 'Carolina', 'Greenholt', '2242190303', '89030838975', '5166', '19'),
('620', 'Aubree', 'Considine', '216090577', '89045270399', '7150', '20'),
('621', 'Magdalena', 'King', '2252981398', '89020722002', '11963', '21'),
('622', 'Dorris', 'Moore', '6776395724', '89019959593', '5622', '22'),
('623', 'Payton', 'Dickens', '8551776367', '89011216902', '5066', '23'),
('624', 'Roderick', 'Boyer', '6550458334', '89077578823', '6034', '24'),
('625', 'Casper', 'McCullough', '3972290843', '89049976564', '7574', '25'),
('626', 'Corrine', 'Marks', '7426996906', '89095544867', '7799', '26'),
('627', 'Bettye', 'Moore', '9730591857', '89045285810', '9124', '27'),
('628', 'Avis', 'Schamberger', '5776232909', '89097644241', '8935', '28'),
('629', 'Nigel', 'Lebsack', '1446651556', '89018502728', '6592', '29'),
('630', 'Agustin', 'Lebsack', '9804769465', '89069741022', '10652', '30'),
('631', 'Grayce', 'Rolfson', '233750325', '89041946172', '10443', '31'),
('632', 'Aleen', 'Hilll', '6451167231', '89044032854', '9127', '32'),
('633', 'Shanon', 'McLaughlin', '4705403848', '89097402429', '5055', '33'),
('634', 'Albert', 'Osinski', '7845330974', '89074650364', '10551', '34'),
('635', 'Marcelino', 'Block', '3281016844', '89094994399', '11659', '35'),
('636', 'Zion', 'Huels', '5453004986', '89066750152', '8185', '36'),
('637', 'Roger', 'Rohan', '2800582433', '89093174300', '10574', '37'),
('638', 'Lucy', 'Glover', '6613322124', '89025708077', '11692', '38'),
('639', 'Enrique', 'Hane', '9874184001', '89091968327', '8843', '39'),
('640', 'Santa', 'Morissette', '7015801817', '89084060332', '8018', '40'),
('641', 'Nathanial', 'Reinger', '827144548', '89036573008', '10724', '41'),
('642', 'Larissa', 'Kirlin', '2875931128', '89078313038', '10381', '42'),
('643', 'Abner', 'Fritsch', '4021084369', '89049216625', '6770', '43'),
('644', 'Erika', 'Runte', '431329958', '89078999391', '11388', '44'),
('645', 'Joshua', 'Welch', '4016507501', '89028792225', '7081', '45'),
('646', 'Jose', 'Deckow', '4528643470', '89028935374', '8706', '46'),
('647', 'Webster', 'Bosco', '9307994800', '89050391115', '10610', '47'),
('648', 'Westley', 'Mayert', '3818065366', '89083021881', '11211', '48'),
('649', 'Camron', 'Connelly', '5300448937', '89034212722', '8099', '49'),
('650', 'Pansy', 'Rodriguez', '9220355195', '89068467463', '8595', '50'),
('651', 'Reagan', 'Aufderhar', '1444646288', '89037364478', '5935', '51'),
('652', 'Karine', 'Schamberger', '9322528513', '89074807348', '9433', '52'),
('653', 'Cristal', 'McLaughlin', '172428480', '89035830670', '8839', '53'),
('654', 'Rosie', 'Moen', '3964116103', '89041802582', '6179', '54'),
('655', 'Dax', 'Lindgren', '194461048', '89025381125', '6240', '55'),
('656', 'Lamar', 'Morissette', '4584651832', '89058880539', '8542', '56'),
('657', 'Burdette', 'VonRueden', '8592861015', '89062249084', '6854', '57'),
('658', 'Scotty', 'Sauer', '9388634664', '89080192588', '9172', '58'),
('659', 'Sincere', 'Schultz', '8000440946', '89093968546', '9193', '59'),
('660', 'Sonya', 'Monahan', '996701732', '89037579343', '7814', '60'),
('661', 'Americo', 'Upton', '8207266107', '89011712742', '5133', '61'),
('662', 'Bruce', 'O\'Hara', '2791137891', '89016580747', '10588', '62'),
('663', 'Amparo', 'Littel', '2987334929', '89040712243', '5497', '63'),
('664', 'Else', 'Reynolds', '9723360883', '89041489274', '5193', '64'),
('665', 'Aimee', 'Runolfsdottir', '3408352309', '89084047350', '11776', '65'),
('666', 'Christina', 'Turner', '6841361602', '89061391325', '8673', '66'),
('667', 'Odie', 'Lakin', '4266313412', '89090146090', '8371', '67'),
('668', 'Bryana', 'Hodkiewicz', '2407893618', '89074117168', '9448', '68'),
('669', 'Vicente', 'Rolfson', '3563189050', '89048856843', '8018', '69'),
('670', 'Maxie', 'Reynolds', '9232342061', '89058702694', '8359', '70'),
('671', 'Howard', 'Daniel', '1089504469', '89087953911', '10496', '71'),
('672', 'Fatima', 'Ullrich', '5690094782', '89053089516', '9546', '72'),
('673', 'Edna', 'Tromp', '1256636205', '89089408697', '11955', '73'),
('674', 'Kali', 'Boehm', '6334760054', '89047121803', '6906', '74'),
('675', 'Floyd', 'Wiza', '623510997', '89071673585', '5317', '75'),
('676', 'Yazmin', 'Boyer', '2434391422', '89086669629', '9176', '76'),
('677', 'Furman', 'Gleason', '4017339829', '89060997636', '8704', '77'),
('678', 'Bart', 'Purdy', '651657647', '89085572341', '10154', '78'),
('679', 'Rashad', 'Pollich', '259165173', '89099094636', '5777', '79'),
('680', 'Brant', 'Murazik', '6859214427', '89041443125', '7775', '80'),
('681', 'Sammy', 'Rutherford', '7583193993', '89043800315', '8247', '81'),
('682', 'Mayra', 'Strosin', '2710228069', '89067428553', '10649', '82'),
('683', 'Ivah', 'Metz', '2892350378', '89023067999', '8876', '83'),
('684', 'Rebeca', 'Kutch', '6709622191', '89014821775', '10464', '84'),
('685', 'Sincere', 'Willms', '8940867129', '89099544106', '9568', '85'),
('686', 'Alysa', 'Nolan', '315877144', '89085805635', '7069', '86'),
('687', 'Markus', 'Smitham', '6043103668', '89047170369', '7885', '87'),
('688', 'Layne', 'Hegmann', '7554849139', '89019275668', '8363', '88'),
('689', 'Therese', 'Klocko', '328493342', '89062194339', '8865', '89'),
('690', 'Chet', 'Morar', '8945800699', '89069245345', '10324', '90'),
('691', 'Bennie', 'Rice', '9446168062', '89023132280', '11819', '91'),
('692', 'Faustino', 'Boyle', '8631777777', '89076788000', '11170', '92'),
('693', 'Zoey', 'Schamberger', '1519329273', '89067841662', '9494', '93'),
('694', 'Delbert', 'Yost', '1855364759', '89059862187', '5854', '94'),
('695', 'Delia', 'Harvey', '6521476474', '89059771759', '11046', '95'),
('696', 'Laurianne', 'Grady', '6768649523', '89069602161', '11619', '96'),
('697', 'Pierce', 'Ritchie', '8298386833', '89087477699', '6890', '97'),
('698', 'Zena', 'Lubowitz', '3623786909', '89066646630', '10498', '98'),
('699', 'Turner', 'Feeney', '7963408697', '89096562682', '8239', '99'),
('700', 'Jess', 'Runolfsdottir', '1546691358', '89051059152', '9228', '100'),
('701', 'Maudie', 'Wiegand', '9031523391', '89022989548', '9370', '1'),
('702', 'Jerrell', 'Grimes', '7693978366', '89065719063', '7632', '2'),
('703', 'Layla', 'Kerluke', '5788678243', '89020562146', '10065', '3'),
('704', 'Demetrius', 'Medhurst', '2199695302', '89092585394', '7054', '4'),
('705', 'Cynthia', 'Dare', '9974978235', '89068363027', '7860', '5'),
('706', 'Richard', 'DuBuque', '8044570377', '89047584132', '8797', '6'),
('707', 'Al', 'Koch', '5323177902', '89098646999', '6328', '7'),
('708', 'Ephraim', 'Robel', '9496931904', '89088865290', '5581', '8'),
('709', 'Sabrina', 'Parker', '9486381313', '89066429528', '9810', '9'),
('710', 'Elissa', 'Marquardt', '3173818765', '89086066335', '6848', '10'),
('711', 'Patience', 'Bergstrom', '192223704', '89046836651', '6948', '11'),
('712', 'Camille', 'Schultz', '7867937479', '89078380642', '9175', '12'),
('713', 'Nelda', 'Kling', '5657738829', '89028228387', '10933', '13'),
('714', 'Selina', 'Koelpin', '6220540502', '89055505266', '6223', '14'),
('715', 'Emelie', 'Mann', '9229020564', '89058758599', '6617', '15'),
('716', 'Bianka', 'Champlin', '7878403607', '89084046167', '10217', '16'),
('717', 'Rusty', 'Lang', '4205833990', '89023168262', '6250', '17'),
('718', 'Winifred', 'Schaefer', '5334305586', '89015575738', '8714', '18'),
('719', 'Thaddeus', 'Berge', '6151249958', '89010705971', '8929', '19'),
('720', 'Janiya', 'Homenick', '3045979506', '89014928788', '7337', '20'),
('721', 'Adalberto', 'Hilpert', '4801732767', '89092629830', '6613', '21'),
('722', 'Tatyana', 'Ratke', '6116225365', '89069484713', '6794', '22'),
('723', 'Rickie', 'Stark', '9016427141', '89088050911', '11391', '23'),
('724', 'Dangelo', 'Skiles', '2053516405', '89020672181', '11856', '24'),
('725', 'Eladio', 'Gulgowski', '2511773948', '89052101945', '10739', '25'),
('726', 'Newton', 'Oberbrunner', '5692900922', '89091115643', '5183', '26'),
('727', 'Jerry', 'Ebert', '7399074360', '89090532302', '5152', '27'),
('728', 'Sister', 'Schultz', '9009519107', '89052566970', '7793', '28'),
('729', 'Mariano', 'Leffler', '6606561574', '89093305891', '7721', '29'),
('730', 'Claudia', 'Swift', '2944298350', '89028534863', '10609', '30'),
('731', 'Danielle', 'Auer', '361823296', '89070081965', '6061', '31'),
('732', 'Molly', 'Batz', '7086321790', '89056681101', '11849', '32'),
('733', 'Carleton', 'Bruen', '567267193', '89095490731', '9196', '33'),
('734', 'Lorenz', 'Schmeler', '4349126350', '89034371753', '7275', '34'),
('735', 'Myah', 'Price', '6596760703', '89024756713', '5706', '35'),
('736', 'Olen', 'Halvorson', '6332621486', '89010217503', '11112', '36'),
('737', 'Sandrine', 'Ernser', '9819357395', '89092300031', '6474', '37'),
('738', 'Daniella', 'Greenfelder', '104651666', '89066186683', '11053', '38'),
('739', 'Geovany', 'Robel', '7727370686', '89030494899', '6079', '39'),
('740', 'Irwin', 'Dietrich', '7618985180', '89014927064', '10297', '40'),
('741', 'Sean', 'Murphy', '1119726194', '89074340861', '5808', '41'),
('742', 'Triston', 'Parisian', '5333108176', '89069989580', '5617', '42'),
('743', 'Jayda', 'Cole', '3432310033', '89018051280', '7764', '43'),
('744', 'Donna', 'Stroman', '7085812115', '89020103470', '9701', '44'),
('745', 'Trevion', 'Kessler', '4096568101', '89080004216', '9450', '45'),
('746', 'Jaime', 'Davis', '1299693114', '89063016899', '10484', '46'),
('747', 'Green', 'Corwin', '222681510', '89095151434', '10276', '47'),
('748', 'Beryl', 'Hammes', '8081279713', '89034998762', '11224', '48'),
('749', 'Dawn', 'Altenwerth', '5940368459', '89085685514', '11008', '49'),
('750', 'Prudence', 'Sauer', '9907000036', '89034460916', '7374', '50'),
('751', 'Russ', 'Huel', '8984397705', '89045405179', '9036', '51'),
('752', 'Earline', 'Schmitt', '1022548238', '89035544040', '6458', '52'),
('753', 'Kaley', 'Weber', '4791846802', '89034415198', '5338', '53'),
('754', 'Corene', 'Bednar', '9995171171', '89098774298', '7418', '54'),
('755', 'Lionel', 'Purdy', '2473089602', '89016357993', '7919', '55'),
('756', 'Mittie', 'Deckow', '536203403', '89043189747', '8100', '56'),
('757', 'Katharina', 'Emard', '5813595927', '89049412472', '9217', '57'),
('758', 'Herta', 'Hansen', '3445511451', '89023109647', '9770', '58'),
('759', 'Hugh', 'Moore', '5456891363', '89018726242', '7308', '59'),
('760', 'Tyra', 'Hauck', '5818615672', '89030883194', '11629', '60'),
('761', 'Tara', 'Borer', '9274967205', '89058497456', '8960', '61'),
('762', 'Colin', 'Ullrich', '3514564280', '89037014850', '11789', '62'),
('763', 'Eliane', 'Gislason', '6093559069', '89030269186', '6724', '63'),
('764', 'Akeem', 'Lemke', '8460586420', '89090257545', '8359', '64'),
('765', 'Brett', 'Grimes', '3395552151', '89050436371', '11770', '65'),
('766', 'Maynard', 'Morissette', '207711105', '89062085368', '11344', '66'),
('767', 'Korbin', 'Streich', '9142056573', '89059702864', '6200', '67'),
('768', 'Horacio', 'Krajcik', '9876206251', '89067164470', '9825', '68'),
('769', 'Ervin', 'Nader', '7416725806', '89071886653', '7092', '69'),
('770', 'Caden', 'Pfannerstill', '106315217', '89087832034', '9061', '70'),
('771', 'Dayton', 'Moen', '2648939137', '89056775663', '7799', '71'),
('772', 'Adalberto', 'Skiles', '3120439649', '89091195728', '6161', '72'),
('773', 'Trevion', 'Pollich', '4662559032', '89070322760', '5834', '73'),
('774', 'Kareem', 'Hessel', '6415811232', '89023460822', '8146', '74'),
('775', 'Fabiola', 'McCullough', '7442214829', '89089737204', '6444', '75'),
('776', 'Amelia', 'Shields', '4006302180', '89016115069', '8177', '76'),
('777', 'Kristin', 'Ledner', '5743879354', '89043680434', '10610', '77'),
('778', 'Annabell', 'Johnson', '9204991138', '89064289863', '6524', '78'),
('779', 'Elijah', 'Ernser', '1288794806', '89047644962', '5652', '79'),
('780', 'Odessa', 'Padberg', '2392178728', '89036222152', '10500', '80'),
('781', 'Hannah', 'Gibson', '2653696891', '89041156112', '5858', '81'),
('782', 'Kathleen', 'Will', '7078871676', '89084125673', '11135', '82'),
('783', 'Noble', 'Nicolas', '7715696515', '89020076708', '10393', '83'),
('784', 'Myrl', 'Anderson', '2291882136', '89043305453', '7653', '84'),
('785', 'Krystina', 'Romaguera', '3468434438', '89062668791', '10348', '85'),
('786', 'Kitty', 'Witting', '628752648', '89087453249', '7549', '86'),
('787', 'Aditya', 'Harvey', '1906389199', '89039459611', '7879', '87'),
('788', 'Freeman', 'Cremin', '629417506', '89055876552', '9122', '88'),
('789', 'Jonathon', 'Lang', '7119683777', '89067098199', '10028', '89'),
('790', 'Chaz', 'Daniel', '6342145908', '89027387756', '9406', '90'),
('791', 'Jada', 'Connelly', '3177603865', '89092078754', '10729', '91'),
('792', 'Paula', 'Jacobson', '6253416445', '89092788776', '5951', '92'),
('793', 'Simone', 'Koelpin', '4514551251', '89076226145', '8258', '93'),
('794', 'Eloise', 'Purdy', '8136707237', '89088020149', '11614', '94'),
('795', 'Moises', 'Corwin', '2254590807', '89021696372', '11269', '95'),
('796', 'Mario', 'Frami', '7378980485', '89065598238', '6268', '96'),
('797', 'Ezekiel', 'Bauch', '2891691509', '89081302537', '7358', '97'),
('798', 'Eino', 'Bashirian', '6023105215', '89084772743', '7315', '98'),
('799', 'Anibal', 'O\'Hara', '1596665541', '89069328518', '10355', '99'),
('800', 'Brooks', 'Wintheiser', '4989195215', '89069865103', '8158', '100'),
('801', 'Stan', 'Kuhlman', '9364202749', '89034548017', '5461', '1'),
('802', 'Manuela', 'Champlin', '4693632638', '89043488489', '7120', '2'),
('803', 'Cordelia', 'Beer', '7256572530', '89050477639', '8316', '3'),
('804', 'Pietro', 'Ernser', '9186076396', '89053758846', '10384', '4'),
('805', 'Micah', 'Weissnat', '8072355408', '89092573669', '7213', '5'),
('806', 'Judge', 'Frami', '6730003636', '89064299603', '11119', '6'),
('807', 'Mariano', 'Runolfsdottir', '3262725515', '89048844458', '11614', '7'),
('808', 'Raegan', 'Stanton', '8899603579', '89050461908', '7829', '8'),
('809', 'Blanca', 'Bogisich', '7752561052', '89044494014', '7082', '9'),
('810', 'London', 'Bernhard', '3008897500', '89017140501', '7579', '10'),
('811', 'Leanne', 'O\'Conner', '5975251431', '89098372162', '8020', '11'),
('812', 'Virgie', 'Schmidt', '9011579793', '89061495372', '7150', '12'),
('813', 'Liana', 'Schowalter', '3692208682', '89019920611', '7396', '13'),
('814', 'Gloria', 'Hartmann', '6526187379', '89064802466', '10669', '14'),
('815', 'Bette', 'Schaefer', '6388262939', '89022051479', '10710', '15'),
('816', 'Barton', 'Towne', '4999782764', '89069032951', '7416', '16'),
('817', 'Ernesto', 'Brown', '6966159502', '89080011551', '10075', '17'),
('818', 'Ashley', 'Auer', '4110325407', '89032056901', '8520', '18'),
('819', 'Abdiel', 'Abshire', '5710878819', '89099971369', '7372', '19'),
('820', 'Margret', 'Prosacco', '9504999672', '89023311217', '5062', '20'),
('821', 'Chyna', 'Okuneva', '6089978386', '89019261445', '9324', '21'),
('822', 'Zoie', 'Swaniawski', '1368888417', '89019115958', '5906', '22'),
('823', 'Santa', 'Mann', '8178273667', '89032686927', '7306', '23'),
('824', 'Desiree', 'Green', '9964960054', '89058933057', '6882', '24'),
('825', 'Sherwood', 'Bradtke', '6340377047', '89020154631', '11277', '25'),
('826', 'Cole', 'Klein', '7380690300', '89044643242', '7819', '26'),
('827', 'Charlotte', 'Gorczany', '1472890978', '89080005758', '11888', '27'),
('828', 'Leopoldo', 'Monahan', '9535737456', '89042943915', '6955', '28'),
('829', 'Maggie', 'Gislason', '8578676828', '89035933390', '6726', '29'),
('830', 'Tara', 'Daniel', '8653218108', '89019719311', '5136', '30'),
('831', 'Reece', 'Goldner', '3763466762', '89046821350', '11547', '31'),
('832', 'Leo', 'Pfannerstill', '3114995961', '89043630399', '7043', '32'),
('833', 'Donnie', 'Stoltenberg', '4444021150', '89083238216', '8239', '33'),
('834', 'Henriette', 'Terry', '4546581255', '89041464035', '7726', '34'),
('835', 'Dalton', 'Zboncak', '9906791225', '89028436739', '7010', '35'),
('836', 'Hilbert', 'Williamson', '3999644043', '89092033745', '9519', '36'),
('837', 'Paula', 'Stiedemann', '9546783696', '89046468000', '10518', '37'),
('838', 'Domenic', 'Heathcote', '5725812362', '89092407401', '11292', '38'),
('839', 'Stephanie', 'Homenick', '1071406068', '89065351576', '5537', '39'),
('840', 'Mariano', 'Marquardt', '330969217', '89064962469', '8060', '40'),
('841', 'Abdullah', 'Bartoletti', '6206345344', '89056712298', '8840', '41'),
('842', 'Jakob', 'Brown', '5739824045', '89031158408', '6975', '42'),
('843', 'Chad', 'Grant', '879262323', '89013788623', '8144', '43'),
('844', 'Turner', 'Lehner', '6843550848', '89051064039', '8215', '44'),
('845', 'Clemens', 'Veum', '7462681806', '89069419830', '6203', '45'),
('846', 'Lacy', 'Prosacco', '9412380410', '89019254544', '9341', '46'),
('847', 'Ramiro', 'Grady', '4121634034', '89017320748', '7462', '47'),
('848', 'Alexandra', 'Miller', '5902433395', '89059529951', '7552', '48'),
('849', 'Teresa', 'Durgan', '5952964225', '89056681396', '7755', '49'),
('850', 'Aliza', 'Zulauf', '4493453275', '89062878418', '6473', '50'),
('851', 'Vernie', 'Pacocha', '1109494251', '89098158435', '11688', '51'),
('852', 'Gene', 'Funk', '8453484522', '89083529940', '6780', '52'),
('853', 'Federico', 'Goldner', '2777915350', '89095196068', '10114', '53'),
('854', 'Aiden', 'Murray', '4025333431', '89026632699', '8298', '54'),
('855', 'Bernita', 'Williamson', '7532768086', '89010865315', '11470', '55'),
('856', 'Sabina', 'Graham', '3789364752', '89042858700', '11248', '56'),
('857', 'Ressie', 'Kessler', '2785468735', '89012676575', '8879', '57'),
('858', 'Lilliana', 'Pfeffer', '5302574956', '89083123457', '6211', '58'),
('859', 'Christian', 'Hermiston', '7038495773', '89095232522', '11350', '59'),
('860', 'Liana', 'Hackett', '2548668650', '89055987984', '7196', '60'),
('861', 'Krista', 'Cummerata', '4992552097', '89010565180', '8075', '61'),
('862', 'Crystel', 'Goyette', '2552792598', '89053204521', '8752', '62'),
('863', 'Felicita', 'Kiehn', '1044003102', '89067077644', '11237', '63'),
('864', 'Peggie', 'White', '6918141949', '89027855624', '9236', '64'),
('865', 'Braulio', 'Cassin', '3756199340', '89019450848', '8892', '65'),
('866', 'Kristofer', 'Hagenes', '6657388965', '89026719062', '7414', '66'),
('867', 'Taylor', 'Hamill', '3630639059', '89034097006', '11634', '67'),
('868', 'Lurline', 'Frami', '6419084570', '89061748053', '5848', '68'),
('869', 'Otilia', 'Lesch', '1432789597', '89076963265', '10586', '69'),
('870', 'Felipe', 'Little', '769627821', '89057871205', '6285', '70'),
('871', 'Obie', 'Reichert', '9108549263', '89093699000', '11400', '71'),
('872', 'Antone', 'Cummings', '2307428755', '89092582809', '6797', '72'),
('873', 'Kristoffer', 'Ullrich', '7124045454', '89093460019', '5497', '73'),
('874', 'Georgianna', 'Ondricka', '4275011798', '89094368036', '8683', '74'),
('875', 'Henriette', 'Upton', '8306515198', '89072361296', '7323', '75'),
('876', 'Cordia', 'Ruecker', '3076019203', '89028005777', '11662', '76'),
('877', 'Valentine', 'Bayer', '8811074607', '89035888075', '6576', '77'),
('878', 'Shanel', 'Mitchell', '8523962926', '89045537206', '8640', '78'),
('879', 'Eva', 'Feil', '3993786215', '89083171216', '5564', '79'),
('880', 'Jameson', 'Medhurst', '5607761405', '89068044390', '11044', '80'),
('881', 'Nikki', 'Runolfsdottir', '3713076199', '89031255679', '8110', '81'),
('882', 'Charlotte', 'Ortiz', '4962026603', '89031795108', '9155', '82'),
('883', 'Catharine', 'Mayer', '9709975514', '89031446488', '9580', '83'),
('884', 'Marina', 'Cormier', '6257688627', '89049727773', '7257', '84'),
('885', 'Shania', 'Satterfield', '7462810748', '89085136558', '9942', '85'),
('886', 'Maryjane', 'Hauck', '2635977967', '89023160803', '8762', '86'),
('887', 'Jaylen', 'Schmitt', '7179241539', '89064863265', '5813', '87'),
('888', 'Reymundo', 'Aufderhar', '3064815328', '89024860964', '9563', '88'),
('889', 'Stewart', 'Wunsch', '4713530238', '89019338591', '7844', '89'),
('890', 'Myriam', 'Bode', '2085818239', '89014355367', '5591', '90'),
('891', 'Rex', 'Emmerich', '5336091528', '89052534006', '9501', '91'),
('892', 'Genesis', 'Ullrich', '765817524', '89066476244', '7747', '92'),
('893', 'Americo', 'Miller', '4146357025', '89090300549', '5559', '93'),
('894', 'Ella', 'Wisozk', '8915491923', '89051275563', '5365', '94'),
('895', 'Ulices', 'McGlynn', '1215856402', '89084739670', '5718', '95'),
('896', 'Gussie', 'Gerlach', '5647801608', '89095820895', '11380', '96'),
('897', 'Orion', 'Parker', '7246683412', '89037716159', '5893', '97'),
('898', 'Lorine', 'Orn', '3897936060', '89051030553', '10460', '98'),
('899', 'Jonathan', 'Bernhard', '4386206302', '89090491322', '10012', '99'),
('900', 'Dolly', 'Jacobs', '9381215600', '89089628869', '8104', '100'),
('901', 'Bridget', 'Murphy', '8561521372', '89057280367', '6858', '1'),
('902', 'Virginie', 'Deckow', '8206633827', '89084041793', '7716', '2'),
('903', 'Chyna', 'Raynor', '1781965946', '89074701226', '9897', '3'),
('904', 'Jodie', 'Prosacco', '5863418756', '89055988725', '5212', '4'),
('905', 'Xavier', 'Rau', '7124933507', '89052633136', '7025', '5'),
('906', 'Eldon', 'Lesch', '7847509854', '89050667742', '6043', '6'),
('907', 'Bonnie', 'McKenzie', '1320596836', '89071026039', '8456', '7'),
('908', 'Erik', 'Ledner', '2816591319', '89046096810', '8509', '8'),
('909', 'Deanna', 'Predovic', '6893871794', '89041414338', '10816', '9'),
('910', 'Rod', 'Bashirian', '7143659517', '89022824907', '11275', '10'),
('911', 'Ansley', 'Conn', '321542449', '89035780421', '10012', '11'),
('912', 'Charlene', 'Crist', '6417495021', '89086719519', '11221', '12'),
('913', 'Audra', 'Weimann', '9683861066', '89035845596', '6635', '13'),
('914', 'Carlie', 'Luettgen', '3087996403', '89058717038', '8655', '14'),
('915', 'Payton', 'Hegmann', '8506950796', '89012603066', '10105', '15'),
('916', 'Alejandra', 'Altenwerth', '5917797680', '89039803541', '7414', '16'),
('917', 'Johnathon', 'Howell', '3849669271', '89075515850', '8784', '17'),
('918', 'Reid', 'Homenick', '16132398', '89077366654', '9545', '18'),
('919', 'Rebeka', 'Douglas', '48496742', '89067136356', '11223', '19'),
('920', 'Ocie', 'Heller', '3860412045', '89088791731', '10503', '20'),
('921', 'Mossie', 'Farrell', '6231171307', '89058524007', '11902', '21'),
('922', 'Kenton', 'Bednar', '9794603101', '89033013373', '7426', '22'),
('923', 'Seth', 'Murray', '6417523194', '89061266042', '6231', '23'),
('924', 'Stephanie', 'Kohler', '566477580', '89048269847', '5715', '24'),
('925', 'Duane', 'Sporer', '8762227632', '89020576396', '5833', '25'),
('926', 'Guido', 'Bahringer', '2374724415', '89079612353', '10152', '26'),
('927', 'Xzavier', 'Abshire', '7528426130', '89089966067', '7174', '27'),
('928', 'Nova', 'Reilly', '6464354959', '89044244292', '8126', '28'),
('929', 'Emmy', 'Lesch', '7066464522', '89037289623', '8450', '29'),
('930', 'Rebeka', 'Gerhold', '3331071679', '89068491771', '8789', '30'),
('931', 'Leonor', 'Erdman', '6345617114', '89044398713', '5892', '31'),
('932', 'Julian', 'Fay', '8322565239', '89091907203', '7935', '32'),
('933', 'Preston', 'Roberts', '3913544747', '89086050507', '10257', '33'),
('934', 'Ollie', 'Dickinson', '6157538048', '89045518443', '8146', '34'),
('935', 'Oren', 'Stracke', '9809398870', '89044063432', '6566', '35'),
('936', 'Edmund', 'Nolan', '1194658298', '89055397590', '11594', '36'),
('937', 'Kenna', 'Schaden', '1606370285', '89035808525', '8408', '37'),
('938', 'Raheem', 'Jones', '6048722621', '89047255034', '11165', '38'),
('939', 'Ole', 'Sanford', '551154460', '89058869930', '6235', '39'),
('940', 'Millie', 'O\'Connell', '9645114569', '89020767419', '5604', '40'),
('941', 'Lawrence', 'Carter', '5104511008', '89060829026', '5223', '41'),
('942', 'Emie', 'Marks', '3284915365', '89092184697', '10202', '42'),
('943', 'Okey', 'Smitham', '1021959084', '89087098613', '7037', '43'),
('944', 'Savion', 'Moore', '9830606812', '89073653060', '5427', '44'),
('945', 'Stefan', 'Daugherty', '5466830684', '89041118243', '5901', '45'),
('946', 'Abelardo', 'Dibbert', '4702798286', '89033355960', '5628', '46'),
('947', 'Jamil', 'Lindgren', '1300155949', '89028410350', '10682', '47'),
('948', 'Dalton', 'Pfannerstill', '7364955647', '89068830055', '9427', '48'),
('949', 'Faye', 'Will', '2169316542', '89072849126', '7484', '49'),
('950', 'Lea', 'Miller', '492114420', '89071553789', '10509', '50'),
('951', 'Baby', 'Ritchie', '6605103905', '89073601844', '8951', '51'),
('952', 'Maybelle', 'Lang', '2035636711', '89062855369', '10406', '52'),
('953', 'Clovis', 'Weissnat', '7904124884', '89082772773', '10458', '53'),
('954', 'Orval', 'Hartmann', '8754552118', '89072836735', '9172', '54'),
('955', 'Woodrow', 'Mills', '6176622775', '89090063114', '9703', '55'),
('956', 'Jett', 'Weber', '2889963752', '89019058143', '10371', '56'),
('957', 'Quentin', 'Mraz', '2567850380', '89091148201', '8466', '57'),
('958', 'Amelia', 'Kemmer', '6154539264', '89024326935', '10681', '58'),
('959', 'Odell', 'Carroll', '8758238032', '89060262678', '5693', '59'),
('960', 'Korbin', 'Ritchie', '7766633075', '89092537567', '6764', '60'),
('961', 'Lonzo', 'Stanton', '1827957025', '89058139799', '5212', '61'),
('962', 'Tressie', 'Dooley', '1137483884', '89077334677', '11377', '62'),
('963', 'Jeffery', 'Rolfson', '485250270', '89041626073', '11553', '63'),
('964', 'Hilbert', 'Ruecker', '6062039956', '89094810692', '9975', '64'),
('965', 'Hayden', 'Mann', '3087022063', '89072996770', '8070', '65'),
('966', 'Gwendolyn', 'Cruickshank', '2021067413', '89032897568', '10892', '66'),
('967', 'Alanna', 'Torp', '3778230404', '89057620227', '5958', '67'),
('968', 'Ryleigh', 'Lang', '6953861089', '89057055116', '11214', '68'),
('969', 'Araceli', 'Bailey', '7160957791', '89061655710', '10030', '69'),
('970', 'Tomas', 'Donnelly', '5160046923', '89046238666', '6797', '70'),
('971', 'Koby', 'Murray', '7021965650', '89080811491', '7778', '71'),
('972', 'Eulalia', 'Cronin', '3858224591', '89023117092', '9811', '72'),
('973', 'Watson', 'Cummings', '9558949288', '89077515525', '11450', '73'),
('974', 'Angelina', 'Zulauf', '8062790539', '89023127337', '10065', '74'),
('975', 'Wilhelmine', 'Schmeler', '5071372674', '89048839057', '8711', '75'),
('976', 'Wilson', 'Hegmann', '8537526116', '89059254555', '10404', '76'),
('977', 'Amelie', 'VonRueden', '8402993888', '89046359793', '9424', '77'),
('978', 'Colby', 'Farrell', '1792754145', '89036049225', '7608', '78'),
('979', 'Elian', 'Russel', '1422012332', '89023896533', '10829', '79'),
('980', 'Amalia', 'Hermann', '553656407', '89044997655', '11579', '80'),
('981', 'Judah', 'Zulauf', '9122381871', '89056519991', '5904', '81'),
('982', 'Hazel', 'Waelchi', '3623366272', '89025424925', '8774', '82'),
('983', 'Kendra', 'Hahn', '3630836518', '89053725421', '9488', '83'),
('984', 'Danny', 'Kovacek', '4110333934', '89062325795', '9966', '84'),
('985', 'Lexus', 'Hagenes', '9732813048', '89091479549', '11525', '85'),
('986', 'Zetta', 'Marks', '787278051', '89019488292', '7753', '86'),
('987', 'Maryam', 'Cartwright', '6919558849', '89011503163', '6961', '87'),
('988', 'Lonny', 'Hyatt', '2099627601', '89055761472', '8996', '88'),
('989', 'Deborah', 'Graham', '9012432005', '89032658390', '10634', '89'),
('990', 'Reynold', 'Williamson', '9200355042', '89017751471', '11722', '90'),
('991', 'Amalia', 'Zboncak', '8550890050', '89090107253', '11149', '91'),
('992', 'Frank', 'Renner', '9329655342', '89084414177', '7708', '92'),
('993', 'Rhett', 'Dickinson', '2616020781', '89061975079', '5013', '93'),
('994', 'Hipolito', 'Corkery', '4061216419', '89023359318', '11408', '94'),
('995', 'Dayne', 'Batz', '8065467551', '89085000007', '9144', '95'),
('996', 'Jessika', 'White', '3819562760', '89072117044', '7844', '96'),
('997', 'Easter', 'McCullough', '8282516780', '89099372590', '8315', '97'),
('998', 'Edyth', 'Kiehn', '8716635410', '89036442473', '8527', '98'),
('999', 'Dylan', 'Gerhold', '5823514350', '89079805944', '10124', '99'),
('1000', 'Guadalupe', 'Homenick', '3135720599', '89023961304', '10494', '100');


SELECT c.id, c.name, c.last_name
FROM consumer c 
JOIN buildings b ON b.social_area = 'yes'
JOIN prefecture p ON p.name = 'ullam'
GROUP BY c.name ;

-- соколько домов обслуживает каждая ресурсо снабжающая организация
SELECT 
	hc.name  AS 'Ресурсо снабжающая организация', 
	count(b.id) AS 'Количество домов'
FROM buildings b
JOIN heating_point hp ON hp.building_id=b.id
JOIN heating_company hc ON hc.id=hp.heating_company_id 
GROUP BY hc.name
ORDER BY 'Количество домов';

-- сколько домов в каждой префектуре
SELECT 
p.name AS 'Префектуры',
count(b.id) AS 'Количество домов'
FROM buildings b 
JOIN heating_point hp ON hp.building_id=b.id 
JOIN district d ON d.id=hp.district_id
JOIN prefecture p ON p.id=d.prefecture_id 
GROUP BY p.name
ORDER BY 'Количество домов';


-- представление сколько жителей обслуживает 1 тепловой пункт

DROP VIEW IF EXISTS buildings_heating_poins;
CREATE VIEW buildings_heating_poins 
AS SELECT 
hp.name,
buildings.number_of_users 
FROM buildings
JOIN heating_point hp ON hp.id=buildings.id;

-- представление сколько тепловых пунктов у каждой ресурсо снабжающей компании

DROP VIEW IF EXISTS heating_company_heating_point;
CREATE VIEW heating_company_heating_point 
AS SELECT 
hc.name,
count(*)  
FROM heating_point hp 
JOIN heating_company hc  ON hc.id=hp.heating_company_id 
GROUP BY hc.name;

-- Создайте таблицу logs типа Archive. Пусть при каждом создании записи в таблицах users, 
-- catalogs и products в таблицу logs помещается время и дата создания записи, название таблицы, 
-- идентификатор первичного ключа и содержимое поля name.


drop table if exists `logs`;
create table `logs`(
create_at datetime DEFAULT NOW(), 
`table_name` varchar(45) NOT NULL, 
table_id INT UNSIGNED NOT NULL, 
name_value varchar(45)
) engine=ARCHIVE;

DELIMITER //
DROP TRIGGER IF EXISTS `central_heating`.`measurements_AFTER_INSERT` //
DELIMITER ;

DROP TRIGGER IF EXISTS `central_heating`.`creation_record _measurements`;

DELIMITER //


CREATE DEFINER=`root`@`localhost` TRIGGER `creation_record _measurements` AFTER INSERT ON `measurements` FOR EACH ROW BEGIN
insert into central_heating.logs (create_at,`table_name`, table_id, name_value)
values (now(), 'central_heating.users', new.id, new.recieved_calories, NEW.device_id);

END//

DELIMITER ;
